-- MySQL dump 10.13  Distrib 8.0.41, for Linux (x86_64)
--
-- Host: localhost    Database: clinclas
-- ------------------------------------------------------
-- Server version	8.0.41-0ubuntu0.22.04.1

/*!40101 SET @OLD_CHARACTER_SET_CLIENT=@@CHARACTER_SET_CLIENT */;
/*!40101 SET @OLD_CHARACTER_SET_RESULTS=@@CHARACTER_SET_RESULTS */;
/*!40101 SET @OLD_COLLATION_CONNECTION=@@COLLATION_CONNECTION */;
/*!50503 SET NAMES utf8mb4 */;
/*!40103 SET @OLD_TIME_ZONE=@@TIME_ZONE */;
/*!40103 SET TIME_ZONE='+00:00' */;
/*!40014 SET @OLD_UNIQUE_CHECKS=@@UNIQUE_CHECKS, UNIQUE_CHECKS=0 */;
/*!40014 SET @OLD_FOREIGN_KEY_CHECKS=@@FOREIGN_KEY_CHECKS, FOREIGN_KEY_CHECKS=0 */;
/*!40101 SET @OLD_SQL_MODE=@@SQL_MODE, SQL_MODE='NO_AUTO_VALUE_ON_ZERO' */;
/*!40111 SET @OLD_SQL_NOTES=@@SQL_NOTES, SQL_NOTES=0 */;

--
-- Table structure for table `Especialistas`
--

DROP TABLE IF EXISTS `Especialistas`;
/*!40101 SET @saved_cs_client     = @@character_set_client */;
/*!50503 SET character_set_client = utf8mb4 */;
CREATE TABLE `Especialistas` (
  `id_especialista` int NOT NULL AUTO_INCREMENT,
  `nombre` varchar(100) NOT NULL,
  `telefono` varchar(15) DEFAULT NULL,
  `mail` varchar(100) DEFAULT NULL,
  `especialidad` varchar(50) DEFAULT NULL,
  `created_at` timestamp NULL DEFAULT NULL,
  `updated_at` timestamp NULL DEFAULT NULL,
  PRIMARY KEY (`id_especialista`)
) ENGINE=InnoDB AUTO_INCREMENT=6 DEFAULT CHARSET=utf8mb4 COLLATE=utf8mb4_0900_ai_ci;
/*!40101 SET character_set_client = @saved_cs_client */;

--
-- Dumping data for table `Especialistas`
--

LOCK TABLES `Especialistas` WRITE;
/*!40000 ALTER TABLE `Especialistas` DISABLE KEYS */;
/*!40000 ALTER TABLE `Especialistas` ENABLE KEYS */;
UNLOCK TABLES;

--
-- Table structure for table `EstadosSesiones`
--

DROP TABLE IF EXISTS `EstadosSesiones`;
/*!40101 SET @saved_cs_client     = @@character_set_client */;
/*!50503 SET character_set_client = utf8mb4 */;
CREATE TABLE `EstadosSesiones` (
  `id_estado` int NOT NULL AUTO_INCREMENT,
  `id_sesion` int NOT NULL,
  `fecha` date NOT NULL,
  `estado` enum('pendiente','cancelada','realizada','no avisó') NOT NULL,
  `hora_inicio` time DEFAULT NULL,
  `hora_final` time DEFAULT NULL,
  `notas` text,
  `created_at` timestamp NULL DEFAULT NULL,
  `updated_at` timestamp NULL DEFAULT NULL,
  PRIMARY KEY (`id_estado`),
  KEY `id_sesion` (`id_sesion`),
  CONSTRAINT `EstadosSesiones_ibfk_1` FOREIGN KEY (`id_sesion`) REFERENCES `Sesiones` (`id_sesion`) ON DELETE CASCADE
) ENGINE=InnoDB AUTO_INCREMENT=1391 DEFAULT CHARSET=utf8mb4 COLLATE=utf8mb4_0900_ai_ci;
/*!40101 SET character_set_client = @saved_cs_client */;

--
-- Dumping data for table `EstadosSesiones`
--

LOCK TABLES `EstadosSesiones` WRITE;
/*!40000 ALTER TABLE `EstadosSesiones` DISABLE KEYS */;
INSERT INTO `EstadosSesiones` VALUES (46,2,'2025-03-03','cancelada','08:30:00','09:15:00',NULL,'2025-03-07 00:20:22','2025-03-17 19:20:06'),(47,2,'2025-03-10','cancelada','08:30:00','09:15:00',NULL,'2025-03-07 00:20:22','2025-03-18 20:02:07'),(48,2,'2025-03-17','realizada','08:30:00','09:15:00',NULL,'2025-03-07 00:20:22','2025-03-17 12:32:40'),(49,2,'2025-03-24','realizada','08:30:00','09:15:00',NULL,'2025-03-07 00:20:22','2025-03-24 13:18:13'),(50,2,'2025-03-31','realizada','08:30:00','09:15:00',NULL,'2025-03-07 00:20:22','2025-03-31 12:24:13'),(51,2,'2025-04-07','pendiente','08:30:00','09:15:00','','2025-03-07 00:20:22','2025-03-07 00:20:22'),(52,2,'2025-04-14','pendiente','08:30:00','09:15:00','','2025-03-07 00:20:23','2025-03-07 00:20:23'),(53,2,'2025-04-21','pendiente','08:30:00','09:15:00','','2025-03-07 00:20:23','2025-03-07 00:20:23'),(54,2,'2025-04-28','pendiente','08:30:00','09:15:00','','2025-03-07 00:20:23','2025-03-07 00:20:23'),(55,2,'2025-05-05','pendiente','08:30:00','09:15:00','','2025-03-07 00:20:23','2025-03-07 00:20:23'),(56,2,'2025-05-12','pendiente','08:30:00','09:15:00','','2025-03-07 00:20:23','2025-03-07 00:20:23'),(57,2,'2025-05-19','pendiente','08:30:00','09:15:00','','2025-03-07 00:20:24','2025-03-07 00:20:24'),(58,2,'2025-05-26','pendiente','08:30:00','09:15:00','','2025-03-07 00:20:24','2025-03-07 00:20:24'),(59,2,'2025-06-02','pendiente','08:30:00','09:15:00','','2025-03-07 00:20:24','2025-03-07 00:20:24'),(60,2,'2025-06-09','pendiente','08:30:00','09:15:00','','2025-03-07 00:20:24','2025-03-07 00:20:24'),(61,2,'2025-06-16','pendiente','08:30:00','09:15:00','','2025-03-07 00:20:24','2025-03-07 00:20:24'),(62,2,'2025-06-23','pendiente','08:30:00','09:15:00','','2025-03-07 00:20:24','2025-03-07 00:20:24'),(63,2,'2025-06-30','pendiente','08:30:00','09:15:00','','2025-03-07 00:20:24','2025-03-07 00:20:24'),(64,2,'2025-07-07','pendiente','08:30:00','09:15:00','','2025-03-07 00:20:24','2025-03-07 00:20:24'),(65,2,'2025-07-14','pendiente','08:30:00','09:15:00','','2025-03-07 00:20:24','2025-03-07 00:20:24'),(66,2,'2025-07-21','pendiente','08:30:00','09:15:00','','2025-03-07 00:20:25','2025-03-07 00:20:25'),(67,2,'2025-07-28','pendiente','08:30:00','09:15:00','','2025-03-07 00:20:25','2025-03-07 00:20:25'),(68,2,'2025-08-04','pendiente','08:30:00','09:15:00','','2025-03-07 00:20:25','2025-03-07 00:20:25'),(69,2,'2025-08-11','pendiente','08:30:00','09:15:00','','2025-03-07 00:20:25','2025-03-07 00:20:25'),(70,2,'2025-08-18','pendiente','08:30:00','09:15:00','','2025-03-07 00:20:25','2025-03-07 00:20:25'),(71,2,'2025-08-25','pendiente','08:30:00','09:15:00','','2025-03-07 00:20:25','2025-03-07 00:20:25'),(72,2,'2025-09-01','pendiente','08:30:00','09:15:00','','2025-03-07 00:20:25','2025-03-07 00:20:25'),(73,2,'2025-09-08','pendiente','08:30:00','09:15:00','','2025-03-07 00:20:25','2025-03-07 00:20:25'),(74,2,'2025-09-15','pendiente','08:30:00','09:15:00','','2025-03-07 00:20:26','2025-03-07 00:20:26'),(75,2,'2025-09-22','pendiente','08:30:00','09:15:00','','2025-03-07 00:20:26','2025-03-07 00:20:26'),(76,2,'2025-09-29','pendiente','08:30:00','09:15:00','','2025-03-07 00:20:26','2025-03-07 00:20:26'),(77,2,'2025-10-06','pendiente','08:30:00','09:15:00','','2025-03-07 00:20:26','2025-03-07 00:20:26'),(78,2,'2025-10-13','pendiente','08:30:00','09:15:00','','2025-03-07 00:20:26','2025-03-07 00:20:26'),(79,2,'2025-10-20','pendiente','08:30:00','09:15:00','','2025-03-07 00:20:26','2025-03-07 00:20:26'),(80,2,'2025-10-27','pendiente','08:30:00','09:15:00','','2025-03-07 00:20:26','2025-03-07 00:20:26'),(81,2,'2025-11-03','pendiente','08:30:00','09:15:00','','2025-03-07 00:20:26','2025-03-07 00:20:26'),(82,2,'2025-11-10','pendiente','08:30:00','09:15:00','','2025-03-07 00:20:27','2025-03-07 00:20:27'),(83,2,'2025-11-17','pendiente','08:30:00','09:15:00','','2025-03-07 00:20:27','2025-03-07 00:20:27'),(84,2,'2025-11-24','pendiente','08:30:00','09:15:00','','2025-03-07 00:20:27','2025-03-07 00:20:27'),(85,2,'2025-12-01','pendiente','08:30:00','09:15:00','','2025-03-07 00:20:27','2025-03-07 00:20:27'),(86,2,'2025-12-08','pendiente','08:30:00','09:15:00','','2025-03-07 00:20:27','2025-03-07 00:20:27'),(87,2,'2025-12-15','pendiente','08:30:00','09:15:00','','2025-03-07 00:20:27','2025-03-07 00:20:27'),(88,2,'2025-12-22','pendiente','08:30:00','09:15:00','','2025-03-07 00:20:27','2025-03-07 00:20:27'),(89,2,'2025-12-29','pendiente','08:30:00','09:15:00','','2025-03-07 00:20:27','2025-03-07 00:20:27'),(139,4,'2025-03-03','cancelada','09:30:00','10:15:00',NULL,'2025-03-17 13:54:14','2025-03-17 13:54:44'),(140,4,'2025-03-10','cancelada','09:30:00','10:15:00',NULL,'2025-03-17 13:54:14','2025-03-17 13:54:54'),(141,4,'2025-03-17','realizada','09:30:00','10:15:00',NULL,'2025-03-17 13:54:15','2025-03-17 13:55:01'),(142,4,'2025-03-24','realizada','09:30:00','10:15:00',NULL,'2025-03-17 13:54:15','2025-03-24 13:18:23'),(143,4,'2025-03-31','realizada','09:30:00','10:15:00',NULL,'2025-03-17 13:54:15','2025-03-31 12:24:28'),(144,4,'2025-04-07','pendiente','09:30:00','10:15:00','','2025-03-17 13:54:15','2025-03-17 13:54:15'),(145,4,'2025-04-14','pendiente','09:30:00','10:15:00','','2025-03-17 13:54:15','2025-03-17 13:54:15'),(146,4,'2025-04-21','pendiente','09:30:00','10:15:00','','2025-03-17 13:54:15','2025-03-17 13:54:15'),(147,4,'2025-04-28','pendiente','09:30:00','10:15:00','','2025-03-17 13:54:15','2025-03-17 13:54:15'),(148,4,'2025-05-05','pendiente','09:30:00','10:15:00','','2025-03-17 13:54:16','2025-03-17 13:54:16'),(149,4,'2025-05-12','pendiente','09:30:00','10:15:00','','2025-03-17 13:54:16','2025-03-17 13:54:16'),(150,4,'2025-05-19','pendiente','09:30:00','10:15:00','','2025-03-17 13:54:16','2025-03-17 13:54:16'),(151,4,'2025-05-26','pendiente','09:30:00','10:15:00','','2025-03-17 13:54:16','2025-03-17 13:54:16'),(152,4,'2025-06-02','pendiente','09:30:00','10:15:00','','2025-03-17 13:54:16','2025-03-17 13:54:16'),(153,4,'2025-06-09','pendiente','09:30:00','10:15:00','','2025-03-17 13:54:16','2025-03-17 13:54:16'),(154,4,'2025-06-16','pendiente','09:30:00','10:15:00','','2025-03-17 13:54:16','2025-03-17 13:54:16'),(155,4,'2025-06-23','pendiente','09:30:00','10:15:00','','2025-03-17 13:54:16','2025-03-17 13:54:16'),(156,4,'2025-06-30','pendiente','09:30:00','10:15:00','','2025-03-17 13:54:17','2025-03-17 13:54:17'),(157,4,'2025-07-07','pendiente','09:30:00','10:15:00','','2025-03-17 13:54:17','2025-03-17 13:54:17'),(158,4,'2025-07-14','pendiente','09:30:00','10:15:00','','2025-03-17 13:54:17','2025-03-17 13:54:17'),(159,4,'2025-07-21','pendiente','09:30:00','10:15:00','','2025-03-17 13:54:17','2025-03-17 13:54:17'),(160,4,'2025-07-28','pendiente','09:30:00','10:15:00','','2025-03-17 13:54:17','2025-03-17 13:54:17'),(161,4,'2025-08-04','pendiente','09:30:00','10:15:00','','2025-03-17 13:54:17','2025-03-17 13:54:17'),(162,4,'2025-08-11','pendiente','09:30:00','10:15:00','','2025-03-17 13:54:18','2025-03-17 13:54:18'),(163,4,'2025-08-18','pendiente','09:30:00','10:15:00','','2025-03-17 13:54:18','2025-03-17 13:54:18'),(164,4,'2025-08-25','pendiente','09:30:00','10:15:00','','2025-03-17 13:54:18','2025-03-17 13:54:18'),(165,4,'2025-09-01','pendiente','09:30:00','10:15:00','','2025-03-17 13:54:18','2025-03-17 13:54:18'),(166,4,'2025-09-08','pendiente','09:30:00','10:15:00','','2025-03-17 13:54:18','2025-03-17 13:54:18'),(167,4,'2025-09-15','pendiente','09:30:00','10:15:00','','2025-03-17 13:54:18','2025-03-17 13:54:18'),(168,4,'2025-09-22','pendiente','09:30:00','10:15:00','','2025-03-17 13:54:18','2025-03-17 13:54:18'),(169,4,'2025-09-29','pendiente','09:30:00','10:15:00','','2025-03-17 13:54:19','2025-03-17 13:54:19'),(170,4,'2025-10-06','pendiente','09:30:00','10:15:00','','2025-03-17 13:54:19','2025-03-17 13:54:19'),(171,4,'2025-10-13','pendiente','09:30:00','10:15:00','','2025-03-17 13:54:19','2025-03-17 13:54:19'),(172,4,'2025-10-20','pendiente','09:30:00','10:15:00','','2025-03-17 13:54:19','2025-03-17 13:54:19'),(173,4,'2025-10-27','pendiente','09:30:00','10:15:00','','2025-03-17 13:54:19','2025-03-17 13:54:19'),(174,4,'2025-11-03','pendiente','09:30:00','10:15:00','','2025-03-17 13:54:19','2025-03-17 13:54:19'),(175,4,'2025-11-10','pendiente','09:30:00','10:15:00','','2025-03-17 13:54:20','2025-03-17 13:54:20'),(176,4,'2025-11-17','pendiente','09:30:00','10:15:00','','2025-03-17 13:54:20','2025-03-17 13:54:20'),(177,4,'2025-11-24','pendiente','09:30:00','10:15:00','','2025-03-17 13:54:20','2025-03-17 13:54:20'),(178,4,'2025-12-01','pendiente','09:30:00','10:15:00','','2025-03-17 13:54:20','2025-03-17 13:54:20'),(179,4,'2025-12-08','pendiente','09:30:00','10:15:00','','2025-03-17 13:54:20','2025-03-17 13:54:20'),(180,4,'2025-12-15','pendiente','09:30:00','10:15:00','','2025-03-17 13:54:20','2025-03-17 13:54:20'),(181,4,'2025-12-22','pendiente','09:30:00','10:15:00','','2025-03-17 13:54:20','2025-03-17 13:54:20'),(182,4,'2025-12-29','pendiente','09:30:00','10:15:00','','2025-03-17 13:54:21','2025-03-17 13:54:21'),(183,5,'2025-03-03','cancelada','10:30:00','11:15:00',NULL,'2025-03-17 13:58:51','2025-03-17 13:59:06'),(184,5,'2025-03-10','cancelada','10:30:00','11:15:00',NULL,'2025-03-17 13:58:51','2025-03-17 13:59:13'),(185,5,'2025-03-17','realizada','10:30:00','11:15:00',NULL,'2025-03-17 13:58:52','2025-03-17 13:59:21'),(186,5,'2025-03-24','cancelada','10:30:00','11:15:00',NULL,'2025-03-17 13:58:52','2025-03-24 13:18:49'),(187,5,'2025-03-31','cancelada','10:30:00','11:15:00',NULL,'2025-03-17 13:58:52','2025-03-31 12:24:37'),(188,5,'2025-04-07','pendiente','10:30:00','11:15:00','','2025-03-17 13:58:52','2025-03-17 13:58:52'),(189,5,'2025-04-14','pendiente','10:30:00','11:15:00','','2025-03-17 13:58:52','2025-03-17 13:58:52'),(190,5,'2025-04-21','pendiente','10:30:00','11:15:00','','2025-03-17 13:58:52','2025-03-17 13:58:52'),(191,5,'2025-04-28','pendiente','10:30:00','11:15:00','','2025-03-17 13:58:52','2025-03-17 13:58:52'),(192,5,'2025-05-05','pendiente','10:30:00','11:15:00','','2025-03-17 13:58:53','2025-03-17 13:58:53'),(193,5,'2025-05-12','pendiente','10:30:00','11:15:00','','2025-03-17 13:58:53','2025-03-17 13:58:53'),(194,5,'2025-05-19','pendiente','10:30:00','11:15:00','','2025-03-17 13:58:53','2025-03-17 13:58:53'),(195,5,'2025-05-26','pendiente','10:30:00','11:15:00','','2025-03-17 13:58:53','2025-03-17 13:58:53'),(196,5,'2025-06-02','pendiente','10:30:00','11:15:00','','2025-03-17 13:58:53','2025-03-17 13:58:53'),(197,5,'2025-06-09','pendiente','10:30:00','11:15:00','','2025-03-17 13:58:53','2025-03-17 13:58:53'),(198,5,'2025-06-16','pendiente','10:30:00','11:15:00','','2025-03-17 13:58:53','2025-03-17 13:58:53'),(199,5,'2025-06-23','pendiente','10:30:00','11:15:00','','2025-03-17 13:58:54','2025-03-17 13:58:54'),(200,5,'2025-06-30','pendiente','10:30:00','11:15:00','','2025-03-17 13:58:54','2025-03-17 13:58:54'),(201,5,'2025-07-07','pendiente','10:30:00','11:15:00','','2025-03-17 13:58:54','2025-03-17 13:58:54'),(202,5,'2025-07-14','pendiente','10:30:00','11:15:00','','2025-03-17 13:58:54','2025-03-17 13:58:54'),(203,5,'2025-07-21','pendiente','10:30:00','11:15:00','','2025-03-17 13:58:54','2025-03-17 13:58:54'),(204,5,'2025-07-28','pendiente','10:30:00','11:15:00','','2025-03-17 13:58:54','2025-03-17 13:58:54'),(205,5,'2025-08-04','pendiente','10:30:00','11:15:00','','2025-03-17 13:58:54','2025-03-17 13:58:54'),(206,5,'2025-08-11','pendiente','10:30:00','11:15:00','','2025-03-17 13:58:55','2025-03-17 13:58:55'),(207,5,'2025-08-18','pendiente','10:30:00','11:15:00','','2025-03-17 13:58:55','2025-03-17 13:58:55'),(208,5,'2025-08-25','pendiente','10:30:00','11:15:00','','2025-03-17 13:58:55','2025-03-17 13:58:55'),(209,5,'2025-09-01','pendiente','10:30:00','11:15:00','','2025-03-17 13:58:55','2025-03-17 13:58:55'),(210,5,'2025-09-08','pendiente','10:30:00','11:15:00','','2025-03-17 13:58:55','2025-03-17 13:58:55'),(211,5,'2025-09-15','pendiente','10:30:00','11:15:00','','2025-03-17 13:58:55','2025-03-17 13:58:55'),(212,5,'2025-09-22','pendiente','10:30:00','11:15:00','','2025-03-17 13:58:55','2025-03-17 13:58:55'),(213,5,'2025-09-29','pendiente','10:30:00','11:15:00','','2025-03-17 13:58:55','2025-03-17 13:58:55'),(214,5,'2025-10-06','pendiente','10:30:00','11:15:00','','2025-03-17 13:58:55','2025-03-17 13:58:55'),(215,5,'2025-10-13','pendiente','10:30:00','11:15:00','','2025-03-17 13:58:55','2025-03-17 13:58:55'),(216,5,'2025-10-20','pendiente','10:30:00','11:15:00','','2025-03-17 13:58:56','2025-03-17 13:58:56'),(217,5,'2025-10-27','pendiente','10:30:00','11:15:00','','2025-03-17 13:58:56','2025-03-17 13:58:56'),(218,5,'2025-11-03','pendiente','10:30:00','11:15:00','','2025-03-17 13:58:56','2025-03-17 13:58:56'),(219,5,'2025-11-10','pendiente','10:30:00','11:15:00','','2025-03-17 13:58:56','2025-03-17 13:58:56'),(220,5,'2025-11-17','pendiente','10:30:00','11:15:00','','2025-03-17 13:58:56','2025-03-17 13:58:56'),(221,5,'2025-11-24','pendiente','10:30:00','11:15:00','','2025-03-17 13:58:57','2025-03-17 13:58:57'),(222,5,'2025-12-01','pendiente','10:30:00','11:15:00','','2025-03-17 13:58:57','2025-03-17 13:58:57'),(223,5,'2025-12-08','pendiente','10:30:00','11:15:00','','2025-03-17 13:58:57','2025-03-17 13:58:57'),(224,5,'2025-12-15','pendiente','10:30:00','11:15:00','','2025-03-17 13:58:57','2025-03-17 13:58:57'),(225,5,'2025-12-22','pendiente','10:30:00','11:15:00','','2025-03-17 13:58:57','2025-03-17 13:58:57'),(226,5,'2025-12-29','pendiente','10:30:00','11:15:00','','2025-03-17 13:58:57','2025-03-17 13:58:57'),(227,6,'2025-03-03','cancelada','12:30:00','13:15:00',NULL,'2025-03-17 14:05:05','2025-03-18 19:59:49'),(228,6,'2025-03-10','realizada','12:30:00','13:15:00','reunión papás','2025-03-17 14:05:05','2025-04-02 19:17:35'),(229,6,'2025-03-17','realizada','12:30:00','13:15:00',NULL,'2025-03-17 14:05:05','2025-04-02 19:16:24'),(230,6,'2025-03-24','realizada','12:30:00','13:15:00',NULL,'2025-03-17 14:05:06','2025-03-24 17:15:26'),(231,6,'2025-03-31','realizada','12:30:00','13:15:00',NULL,'2025-03-17 14:05:06','2025-04-02 11:07:17'),(232,6,'2025-04-07','pendiente','12:30:00','13:15:00','','2025-03-17 14:05:06','2025-03-17 14:05:06'),(233,6,'2025-04-14','pendiente','12:30:00','13:15:00','','2025-03-17 14:05:06','2025-03-17 14:05:06'),(234,6,'2025-04-21','pendiente','12:30:00','13:15:00','','2025-03-17 14:05:06','2025-03-17 14:05:06'),(235,6,'2025-04-28','pendiente','12:30:00','13:15:00','','2025-03-17 14:05:07','2025-03-17 14:05:07'),(236,6,'2025-05-05','pendiente','12:30:00','13:15:00','','2025-03-17 14:05:07','2025-03-17 14:05:07'),(237,6,'2025-05-12','pendiente','12:30:00','13:15:00','','2025-03-17 14:05:07','2025-03-17 14:05:07'),(238,6,'2025-05-19','pendiente','12:30:00','13:15:00','','2025-03-17 14:05:07','2025-03-17 14:05:07'),(239,6,'2025-05-26','pendiente','12:30:00','13:15:00','','2025-03-17 14:05:07','2025-03-17 14:05:07'),(240,6,'2025-06-02','pendiente','12:30:00','13:15:00','','2025-03-17 14:05:07','2025-03-17 14:05:07'),(241,6,'2025-06-09','pendiente','12:30:00','13:15:00','','2025-03-17 14:05:07','2025-03-17 14:05:07'),(242,6,'2025-06-16','pendiente','12:30:00','13:15:00','','2025-03-17 14:05:07','2025-03-17 14:05:07'),(243,6,'2025-06-23','pendiente','12:30:00','13:15:00','','2025-03-17 14:05:08','2025-03-17 14:05:08'),(244,6,'2025-06-30','pendiente','12:30:00','13:15:00','','2025-03-17 14:05:08','2025-03-17 14:05:08'),(245,6,'2025-07-07','pendiente','12:30:00','13:15:00','','2025-03-17 14:05:08','2025-03-17 14:05:08'),(246,6,'2025-07-14','pendiente','12:30:00','13:15:00','','2025-03-17 14:05:08','2025-03-17 14:05:08'),(247,6,'2025-07-21','pendiente','12:30:00','13:15:00','','2025-03-17 14:05:08','2025-03-17 14:05:08'),(248,6,'2025-07-28','pendiente','12:30:00','13:15:00','','2025-03-17 14:05:08','2025-03-17 14:05:08'),(249,6,'2025-08-04','pendiente','12:30:00','13:15:00','','2025-03-17 14:05:08','2025-03-17 14:05:08'),(250,6,'2025-08-11','pendiente','12:30:00','13:15:00','','2025-03-17 14:05:09','2025-03-17 14:05:09'),(251,6,'2025-08-18','pendiente','12:30:00','13:15:00','','2025-03-17 14:05:09','2025-03-17 14:05:09'),(252,6,'2025-08-25','pendiente','12:30:00','13:15:00','','2025-03-17 14:05:09','2025-03-17 14:05:09'),(253,6,'2025-09-01','pendiente','12:30:00','13:15:00','','2025-03-17 14:05:09','2025-03-17 14:05:09'),(254,6,'2025-09-08','pendiente','12:30:00','13:15:00','','2025-03-17 14:05:09','2025-03-17 14:05:09'),(255,6,'2025-09-15','pendiente','12:30:00','13:15:00','','2025-03-17 14:05:09','2025-03-17 14:05:09'),(256,6,'2025-09-22','pendiente','12:30:00','13:15:00','','2025-03-17 14:05:09','2025-03-17 14:05:09'),(257,6,'2025-09-29','pendiente','12:30:00','13:15:00','','2025-03-17 14:05:10','2025-03-17 14:05:10'),(258,6,'2025-10-06','pendiente','12:30:00','13:15:00','','2025-03-17 14:05:10','2025-03-17 14:05:10'),(259,6,'2025-10-13','pendiente','12:30:00','13:15:00','','2025-03-17 14:05:10','2025-03-17 14:05:10'),(260,6,'2025-10-20','pendiente','12:30:00','13:15:00','','2025-03-17 14:05:10','2025-03-17 14:05:10'),(261,6,'2025-10-27','pendiente','12:30:00','13:15:00','','2025-03-17 14:05:10','2025-03-17 14:05:10'),(262,6,'2025-11-03','pendiente','12:30:00','13:15:00','','2025-03-17 14:05:10','2025-03-17 14:05:10'),(263,6,'2025-11-10','pendiente','12:30:00','13:15:00','','2025-03-17 14:05:10','2025-03-17 14:05:10'),(264,6,'2025-11-17','pendiente','12:30:00','13:15:00','','2025-03-17 14:05:11','2025-03-17 14:05:11'),(265,6,'2025-11-24','pendiente','12:30:00','13:15:00','','2025-03-17 14:05:11','2025-03-17 14:05:11'),(266,6,'2025-12-01','pendiente','12:30:00','13:15:00','','2025-03-17 14:05:11','2025-03-17 14:05:11'),(267,6,'2025-12-08','pendiente','12:30:00','13:15:00','','2025-03-17 14:05:11','2025-03-17 14:05:11'),(268,6,'2025-12-15','pendiente','12:30:00','13:15:00','','2025-03-17 14:05:11','2025-03-17 14:05:11'),(269,6,'2025-12-22','pendiente','12:30:00','13:15:00','','2025-03-17 14:05:11','2025-03-17 14:05:11'),(270,6,'2025-12-29','pendiente','12:30:00','13:15:00','','2025-03-17 14:05:11','2025-03-17 14:05:11'),(319,8,'2025-03-05','cancelada','08:30:00','09:15:00',NULL,'2025-03-17 19:19:10','2025-03-18 20:00:25'),(320,8,'2025-03-12','realizada','08:30:00','09:15:00',NULL,'2025-03-17 19:19:10','2025-03-18 20:04:09'),(321,8,'2025-03-19','realizada','08:30:00','09:15:00',NULL,'2025-03-17 19:19:10','2025-03-19 14:26:16'),(322,8,'2025-03-26','realizada','08:30:00','09:15:00',NULL,'2025-03-17 19:19:11','2025-03-26 14:28:24'),(323,8,'2025-04-02','realizada','08:30:00','09:15:00',NULL,'2025-03-17 19:19:11','2025-04-02 15:16:38'),(324,8,'2025-04-09','pendiente','08:30:00','09:15:00','','2025-03-17 19:19:11','2025-03-17 19:19:11'),(325,8,'2025-04-16','pendiente','08:30:00','09:15:00','','2025-03-17 19:19:11','2025-03-17 19:19:11'),(326,8,'2025-04-23','pendiente','08:30:00','09:15:00','','2025-03-17 19:19:11','2025-03-17 19:19:11'),(327,8,'2025-04-30','pendiente','08:30:00','09:15:00','','2025-03-17 19:19:11','2025-03-17 19:19:11'),(328,8,'2025-05-07','pendiente','08:30:00','09:15:00','','2025-03-17 19:19:12','2025-03-17 19:19:12'),(329,8,'2025-05-14','pendiente','08:30:00','09:15:00','','2025-03-17 19:19:12','2025-03-17 19:19:12'),(330,8,'2025-05-21','pendiente','08:30:00','09:15:00','','2025-03-17 19:19:12','2025-03-17 19:19:12'),(331,8,'2025-05-28','pendiente','08:30:00','09:15:00','','2025-03-17 19:19:12','2025-03-17 19:19:12'),(332,8,'2025-06-04','pendiente','08:30:00','09:15:00','','2025-03-17 19:19:12','2025-03-17 19:19:12'),(333,8,'2025-06-11','pendiente','08:30:00','09:15:00','','2025-03-17 19:19:12','2025-03-17 19:19:12'),(334,8,'2025-06-18','pendiente','08:30:00','09:15:00','','2025-03-17 19:19:13','2025-03-17 19:19:13'),(335,8,'2025-06-25','pendiente','08:30:00','09:15:00','','2025-03-17 19:19:13','2025-03-17 19:19:13'),(336,8,'2025-07-02','pendiente','08:30:00','09:15:00','','2025-03-17 19:19:13','2025-03-17 19:19:13'),(337,8,'2025-07-09','pendiente','08:30:00','09:15:00','','2025-03-17 19:19:13','2025-03-17 19:19:13'),(338,8,'2025-07-16','pendiente','08:30:00','09:15:00','','2025-03-17 19:19:13','2025-03-17 19:19:13'),(339,8,'2025-07-23','pendiente','08:30:00','09:15:00','','2025-03-17 19:19:13','2025-03-17 19:19:13'),(340,8,'2025-07-30','pendiente','08:30:00','09:15:00','','2025-03-17 19:19:13','2025-03-17 19:19:13'),(341,8,'2025-08-06','pendiente','08:30:00','09:15:00','','2025-03-17 19:19:14','2025-03-17 19:19:14'),(342,8,'2025-08-13','pendiente','08:30:00','09:15:00','','2025-03-17 19:19:14','2025-03-17 19:19:14'),(343,8,'2025-08-20','pendiente','08:30:00','09:15:00','','2025-03-17 19:19:14','2025-03-17 19:19:14'),(344,8,'2025-08-27','pendiente','08:30:00','09:15:00','','2025-03-17 19:19:14','2025-03-17 19:19:14'),(345,8,'2025-09-03','pendiente','08:30:00','09:15:00','','2025-03-17 19:19:14','2025-03-17 19:19:14'),(346,8,'2025-09-10','pendiente','08:30:00','09:15:00','','2025-03-17 19:19:14','2025-03-17 19:19:14'),(347,8,'2025-09-17','pendiente','08:30:00','09:15:00','','2025-03-17 19:19:14','2025-03-17 19:19:14'),(348,8,'2025-09-24','pendiente','08:30:00','09:15:00','','2025-03-17 19:19:14','2025-03-17 19:19:14'),(349,8,'2025-10-01','pendiente','08:30:00','09:15:00','','2025-03-17 19:19:15','2025-03-17 19:19:15'),(350,8,'2025-10-08','pendiente','08:30:00','09:15:00','','2025-03-17 19:19:15','2025-03-17 19:19:15'),(351,8,'2025-10-15','pendiente','08:30:00','09:15:00','','2025-03-17 19:19:15','2025-03-17 19:19:15'),(352,8,'2025-10-22','pendiente','08:30:00','09:15:00','','2025-03-17 19:19:15','2025-03-17 19:19:15'),(353,8,'2025-10-29','pendiente','08:30:00','09:15:00','','2025-03-17 19:19:15','2025-03-17 19:19:15'),(354,8,'2025-11-05','pendiente','08:30:00','09:15:00','','2025-03-17 19:19:15','2025-03-17 19:19:15'),(355,8,'2025-11-12','pendiente','08:30:00','09:15:00','','2025-03-17 19:19:15','2025-03-17 19:19:15'),(356,8,'2025-11-19','pendiente','08:30:00','09:15:00','','2025-03-17 19:19:15','2025-03-17 19:19:15'),(357,8,'2025-11-26','pendiente','08:30:00','09:15:00','','2025-03-17 19:19:16','2025-03-17 19:19:16'),(358,8,'2025-12-03','pendiente','08:30:00','09:15:00','','2025-03-17 19:19:16','2025-03-17 19:19:16'),(359,8,'2025-12-10','pendiente','08:30:00','09:15:00','','2025-03-17 19:19:16','2025-03-17 19:19:16'),(360,8,'2025-12-17','pendiente','08:30:00','09:15:00','','2025-03-17 19:19:16','2025-03-17 19:19:16'),(361,8,'2025-12-24','pendiente','08:30:00','09:15:00','','2025-03-17 19:19:16','2025-03-17 19:19:16'),(362,8,'2025-12-31','pendiente','08:30:00','09:15:00','','2025-03-17 19:19:16','2025-03-17 19:19:16'),(363,9,'2025-03-06','cancelada','08:30:00','09:15:00',NULL,'2025-03-17 19:22:16','2025-03-18 20:01:24'),(364,9,'2025-03-13','realizada','08:30:00','09:15:00',NULL,'2025-03-17 19:22:16','2025-03-18 20:05:34'),(365,9,'2025-03-20','realizada','08:30:00','09:15:00',NULL,'2025-03-17 19:22:16','2025-03-20 11:52:05'),(366,9,'2025-03-27','realizada','08:30:00','09:15:00',NULL,'2025-03-17 19:22:16','2025-03-27 14:52:24'),(367,9,'2025-04-03','realizada','08:30:00','09:15:00',NULL,'2025-03-17 19:22:16','2025-04-03 15:25:27'),(368,9,'2025-04-10','pendiente','08:30:00','09:15:00','','2025-03-17 19:22:16','2025-03-17 19:22:16'),(369,9,'2025-04-17','pendiente','08:30:00','09:15:00','','2025-03-17 19:22:16','2025-03-17 19:22:16'),(370,9,'2025-04-24','pendiente','08:30:00','09:15:00','','2025-03-17 19:22:16','2025-03-17 19:22:16'),(371,9,'2025-05-01','pendiente','08:30:00','09:15:00','','2025-03-17 19:22:17','2025-03-17 19:22:17'),(372,9,'2025-05-08','pendiente','08:30:00','09:15:00','','2025-03-17 19:22:17','2025-03-17 19:22:17'),(373,9,'2025-05-15','pendiente','08:30:00','09:15:00','','2025-03-17 19:22:17','2025-03-17 19:22:17'),(374,9,'2025-05-22','pendiente','08:30:00','09:15:00','','2025-03-17 19:22:17','2025-03-17 19:22:17'),(375,9,'2025-05-29','pendiente','08:30:00','09:15:00','','2025-03-17 19:22:17','2025-03-17 19:22:17'),(376,9,'2025-06-05','pendiente','08:30:00','09:15:00','','2025-03-17 19:22:18','2025-03-17 19:22:18'),(377,9,'2025-06-12','pendiente','08:30:00','09:15:00','','2025-03-17 19:22:18','2025-03-17 19:22:18'),(378,9,'2025-06-19','pendiente','08:30:00','09:15:00','','2025-03-17 19:22:18','2025-03-17 19:22:18'),(379,9,'2025-06-26','pendiente','08:30:00','09:15:00','','2025-03-17 19:22:18','2025-03-17 19:22:18'),(380,9,'2025-07-03','pendiente','08:30:00','09:15:00','','2025-03-17 19:22:18','2025-03-17 19:22:18'),(381,9,'2025-07-10','pendiente','08:30:00','09:15:00','','2025-03-17 19:22:18','2025-03-17 19:22:18'),(382,9,'2025-07-17','pendiente','08:30:00','09:15:00','','2025-03-17 19:22:18','2025-03-17 19:22:18'),(383,9,'2025-07-24','pendiente','08:30:00','09:15:00','','2025-03-17 19:22:18','2025-03-17 19:22:18'),(384,9,'2025-07-31','pendiente','08:30:00','09:15:00','','2025-03-17 19:22:19','2025-03-17 19:22:19'),(385,9,'2025-08-07','pendiente','08:30:00','09:15:00','','2025-03-17 19:22:19','2025-03-17 19:22:19'),(386,9,'2025-08-14','pendiente','08:30:00','09:15:00','','2025-03-17 19:22:19','2025-03-17 19:22:19'),(387,9,'2025-08-21','pendiente','08:30:00','09:15:00','','2025-03-17 19:22:19','2025-03-17 19:22:19'),(388,9,'2025-08-28','pendiente','08:30:00','09:15:00','','2025-03-17 19:22:19','2025-03-17 19:22:19'),(389,9,'2025-09-04','pendiente','08:30:00','09:15:00','','2025-03-17 19:22:19','2025-03-17 19:22:19'),(390,9,'2025-09-11','pendiente','08:30:00','09:15:00','','2025-03-17 19:22:19','2025-03-17 19:22:19'),(391,9,'2025-09-18','pendiente','08:30:00','09:15:00','','2025-03-17 19:22:19','2025-03-17 19:22:19'),(392,9,'2025-09-25','pendiente','08:30:00','09:15:00','','2025-03-17 19:22:19','2025-03-17 19:22:19'),(393,9,'2025-10-02','pendiente','08:30:00','09:15:00','','2025-03-17 19:22:20','2025-03-17 19:22:20'),(394,9,'2025-10-09','pendiente','08:30:00','09:15:00','','2025-03-17 19:22:20','2025-03-17 19:22:20'),(395,9,'2025-10-16','pendiente','08:30:00','09:15:00','','2025-03-17 19:22:20','2025-03-17 19:22:20'),(396,9,'2025-10-23','pendiente','08:30:00','09:15:00','','2025-03-17 19:22:20','2025-03-17 19:22:20'),(397,9,'2025-10-30','pendiente','08:30:00','09:15:00','','2025-03-17 19:22:20','2025-03-17 19:22:20'),(398,9,'2025-11-06','pendiente','08:30:00','09:15:00','','2025-03-17 19:22:20','2025-03-17 19:22:20'),(399,9,'2025-11-13','pendiente','08:30:00','09:15:00','','2025-03-17 19:22:20','2025-03-17 19:22:20'),(400,9,'2025-11-20','pendiente','08:30:00','09:15:00','','2025-03-17 19:22:21','2025-03-17 19:22:21'),(401,9,'2025-11-27','pendiente','08:30:00','09:15:00','','2025-03-17 19:22:21','2025-03-17 19:22:21'),(402,9,'2025-12-04','pendiente','08:30:00','09:15:00','','2025-03-17 19:22:21','2025-03-17 19:22:21'),(403,9,'2025-12-11','pendiente','08:30:00','09:15:00','','2025-03-17 19:22:21','2025-03-17 19:22:21'),(404,9,'2025-12-18','pendiente','08:30:00','09:15:00','','2025-03-17 19:22:21','2025-03-17 19:22:21'),(405,9,'2025-12-25','pendiente','08:30:00','09:15:00','','2025-03-17 19:22:21','2025-03-17 19:22:21'),(406,10,'2025-03-06','cancelada','09:30:00','10:15:00',NULL,'2025-03-17 19:23:47','2025-03-18 20:01:30'),(407,10,'2025-03-13','cancelada','09:30:00','10:15:00',NULL,'2025-03-17 19:23:47','2025-03-18 20:05:47'),(408,10,'2025-03-20','realizada','09:30:00','10:15:00',NULL,'2025-03-17 19:23:47','2025-03-20 15:23:54'),(409,10,'2025-03-27','cancelada','09:30:00','10:15:00',NULL,'2025-03-17 19:23:47','2025-03-26 17:00:11'),(410,10,'2025-04-03','cancelada','09:30:00','10:15:00',NULL,'2025-03-17 19:23:47','2025-04-03 15:25:36'),(411,10,'2025-04-10','pendiente','09:30:00','10:15:00','','2025-03-17 19:23:47','2025-03-17 19:23:47'),(412,10,'2025-04-17','pendiente','09:30:00','10:15:00','','2025-03-17 19:23:48','2025-03-17 19:23:48'),(413,10,'2025-04-24','pendiente','09:30:00','10:15:00','','2025-03-17 19:23:48','2025-03-17 19:23:48'),(414,10,'2025-05-01','pendiente','09:30:00','10:15:00','','2025-03-17 19:23:48','2025-03-17 19:23:48'),(415,10,'2025-05-08','pendiente','09:30:00','10:15:00','','2025-03-17 19:23:48','2025-03-17 19:23:48'),(416,10,'2025-05-15','pendiente','09:30:00','10:15:00','','2025-03-17 19:23:49','2025-03-17 19:23:49'),(417,10,'2025-05-22','pendiente','09:30:00','10:15:00','','2025-03-17 19:23:49','2025-03-17 19:23:49'),(418,10,'2025-05-29','pendiente','09:30:00','10:15:00','','2025-03-17 19:23:49','2025-03-17 19:23:49'),(419,10,'2025-06-05','pendiente','09:30:00','10:15:00','','2025-03-17 19:23:49','2025-03-17 19:23:49'),(420,10,'2025-06-12','pendiente','09:30:00','10:15:00','','2025-03-17 19:23:49','2025-03-17 19:23:49'),(421,10,'2025-06-19','pendiente','09:30:00','10:15:00','','2025-03-17 19:23:49','2025-03-17 19:23:49'),(422,10,'2025-06-26','pendiente','09:30:00','10:15:00','','2025-03-17 19:23:49','2025-03-17 19:23:49'),(423,10,'2025-07-03','pendiente','09:30:00','10:15:00','','2025-03-17 19:23:49','2025-03-17 19:23:49'),(424,10,'2025-07-10','pendiente','09:30:00','10:15:00','','2025-03-17 19:23:49','2025-03-17 19:23:49'),(425,10,'2025-07-17','pendiente','09:30:00','10:15:00','','2025-03-17 19:23:50','2025-03-17 19:23:50'),(426,10,'2025-07-24','pendiente','09:30:00','10:15:00','','2025-03-17 19:23:50','2025-03-17 19:23:50'),(427,10,'2025-07-31','pendiente','09:30:00','10:15:00','','2025-03-17 19:23:50','2025-03-17 19:23:50'),(428,10,'2025-08-07','pendiente','09:30:00','10:15:00','','2025-03-17 19:23:50','2025-03-17 19:23:50'),(429,10,'2025-08-14','pendiente','09:30:00','10:15:00','','2025-03-17 19:23:51','2025-03-17 19:23:51'),(430,10,'2025-08-21','pendiente','09:30:00','10:15:00','','2025-03-17 19:23:51','2025-03-17 19:23:51'),(431,10,'2025-08-28','pendiente','09:30:00','10:15:00','','2025-03-17 19:23:51','2025-03-17 19:23:51'),(432,10,'2025-09-04','pendiente','09:30:00','10:15:00','','2025-03-17 19:23:51','2025-03-17 19:23:51'),(433,10,'2025-09-11','pendiente','09:30:00','10:15:00','','2025-03-17 19:23:51','2025-03-17 19:23:51'),(434,10,'2025-09-18','pendiente','09:30:00','10:15:00','','2025-03-17 19:23:51','2025-03-17 19:23:51'),(435,10,'2025-09-25','pendiente','09:30:00','10:15:00','','2025-03-17 19:23:51','2025-03-17 19:23:51'),(436,10,'2025-10-02','pendiente','09:30:00','10:15:00','','2025-03-17 19:23:51','2025-03-17 19:23:51'),(437,10,'2025-10-09','pendiente','09:30:00','10:15:00','','2025-03-17 19:23:52','2025-03-17 19:23:52'),(438,10,'2025-10-16','pendiente','09:30:00','10:15:00','','2025-03-17 19:23:52','2025-03-17 19:23:52'),(439,10,'2025-10-23','pendiente','09:30:00','10:15:00','','2025-03-17 19:23:52','2025-03-17 19:23:52'),(440,10,'2025-10-30','pendiente','09:30:00','10:15:00','','2025-03-17 19:23:52','2025-03-17 19:23:52'),(441,10,'2025-11-06','pendiente','09:30:00','10:15:00','','2025-03-17 19:23:52','2025-03-17 19:23:52'),(442,10,'2025-11-13','pendiente','09:30:00','10:15:00','','2025-03-17 19:23:52','2025-03-17 19:23:52'),(443,10,'2025-11-20','pendiente','09:30:00','10:15:00','','2025-03-17 19:23:52','2025-03-17 19:23:52'),(444,10,'2025-11-27','pendiente','09:30:00','10:15:00','','2025-03-17 19:23:52','2025-03-17 19:23:52'),(445,10,'2025-12-04','pendiente','09:30:00','10:15:00','','2025-03-17 19:23:53','2025-03-17 19:23:53'),(446,10,'2025-12-11','pendiente','09:30:00','10:15:00','','2025-03-17 19:23:53','2025-03-17 19:23:53'),(447,10,'2025-12-18','pendiente','09:30:00','10:15:00','','2025-03-17 19:23:53','2025-03-17 19:23:53'),(448,10,'2025-12-25','pendiente','09:30:00','10:15:00','','2025-03-17 19:23:53','2025-03-17 19:23:53'),(449,11,'2025-03-06','cancelada','12:30:00','09:15:00',NULL,'2025-03-17 19:24:40','2025-03-18 20:01:45'),(450,11,'2025-03-13','realizada','12:30:00','09:15:00',NULL,'2025-03-17 19:24:40','2025-03-18 20:06:15'),(451,11,'2025-03-20','realizada','12:30:00','09:15:00',NULL,'2025-03-17 19:24:40','2025-03-20 16:33:54'),(452,11,'2025-03-27','realizada','12:30:00','09:15:00',NULL,'2025-03-17 19:24:40','2025-04-02 19:17:10'),(453,11,'2025-04-03','realizada','12:30:00','09:15:00',NULL,'2025-03-17 19:24:41','2025-04-03 15:26:05'),(454,11,'2025-04-10','pendiente','12:30:00','09:15:00','','2025-03-17 19:24:41','2025-03-17 19:24:41'),(455,11,'2025-04-17','pendiente','12:30:00','09:15:00','','2025-03-17 19:24:41','2025-03-17 19:24:41'),(456,11,'2025-04-24','pendiente','12:30:00','09:15:00','','2025-03-17 19:24:41','2025-03-17 19:24:41'),(457,11,'2025-05-01','pendiente','12:30:00','09:15:00','','2025-03-17 19:24:42','2025-03-17 19:24:42'),(458,11,'2025-05-08','pendiente','12:30:00','09:15:00','','2025-03-17 19:24:42','2025-03-17 19:24:42'),(459,11,'2025-05-15','pendiente','12:30:00','09:15:00','','2025-03-17 19:24:42','2025-03-17 19:24:42'),(460,11,'2025-05-22','pendiente','12:30:00','09:15:00','','2025-03-17 19:24:42','2025-03-17 19:24:42'),(461,11,'2025-05-29','pendiente','12:30:00','09:15:00','','2025-03-17 19:24:42','2025-03-17 19:24:42'),(462,11,'2025-06-05','pendiente','12:30:00','09:15:00','','2025-03-17 19:24:42','2025-03-17 19:24:42'),(463,11,'2025-06-12','pendiente','12:30:00','09:15:00','','2025-03-17 19:24:42','2025-03-17 19:24:42'),(464,11,'2025-06-19','pendiente','12:30:00','09:15:00','','2025-03-17 19:24:42','2025-03-17 19:24:42'),(465,11,'2025-06-26','pendiente','12:30:00','09:15:00','','2025-03-17 19:24:43','2025-03-17 19:24:43'),(466,11,'2025-07-03','pendiente','12:30:00','09:15:00','','2025-03-17 19:24:43','2025-03-17 19:24:43'),(467,11,'2025-07-10','pendiente','12:30:00','09:15:00','','2025-03-17 19:24:43','2025-03-17 19:24:43'),(468,11,'2025-07-17','pendiente','12:30:00','09:15:00','','2025-03-17 19:24:43','2025-03-17 19:24:43'),(469,11,'2025-07-24','pendiente','12:30:00','09:15:00','','2025-03-17 19:24:43','2025-03-17 19:24:43'),(470,11,'2025-07-31','pendiente','12:30:00','09:15:00','','2025-03-17 19:24:43','2025-03-17 19:24:43'),(471,11,'2025-08-07','pendiente','12:30:00','09:15:00','','2025-03-17 19:24:43','2025-03-17 19:24:43'),(472,11,'2025-08-14','pendiente','12:30:00','09:15:00','','2025-03-17 19:24:43','2025-03-17 19:24:43'),(473,11,'2025-08-21','pendiente','12:30:00','09:15:00','','2025-03-17 19:24:44','2025-03-17 19:24:44'),(474,11,'2025-08-28','pendiente','12:30:00','09:15:00','','2025-03-17 19:24:44','2025-03-17 19:24:44'),(475,11,'2025-09-04','pendiente','12:30:00','09:15:00','','2025-03-17 19:24:44','2025-03-17 19:24:44'),(476,11,'2025-09-11','pendiente','12:30:00','09:15:00','','2025-03-17 19:24:44','2025-03-17 19:24:44'),(477,11,'2025-09-18','pendiente','12:30:00','09:15:00','','2025-03-17 19:24:44','2025-03-17 19:24:44'),(478,11,'2025-09-25','pendiente','12:30:00','09:15:00','','2025-03-17 19:24:44','2025-03-17 19:24:44'),(479,11,'2025-10-02','pendiente','12:30:00','09:15:00','','2025-03-17 19:24:44','2025-03-17 19:24:44'),(480,11,'2025-10-09','pendiente','12:30:00','09:15:00','','2025-03-17 19:24:44','2025-03-17 19:24:44'),(481,11,'2025-10-16','pendiente','12:30:00','09:15:00','','2025-03-17 19:24:44','2025-03-17 19:24:44'),(482,11,'2025-10-23','pendiente','12:30:00','09:15:00','','2025-03-17 19:24:45','2025-03-17 19:24:45'),(483,11,'2025-10-30','pendiente','12:30:00','09:15:00','','2025-03-17 19:24:45','2025-03-17 19:24:45'),(484,11,'2025-11-06','pendiente','12:30:00','09:15:00','','2025-03-17 19:24:45','2025-03-17 19:24:45'),(485,11,'2025-11-13','pendiente','12:30:00','09:15:00','','2025-03-17 19:24:45','2025-03-17 19:24:45'),(486,11,'2025-11-20','pendiente','12:30:00','09:15:00','','2025-03-17 19:24:45','2025-03-17 19:24:45'),(487,11,'2025-11-27','pendiente','12:30:00','09:15:00','','2025-03-17 19:24:45','2025-03-17 19:24:45'),(488,11,'2025-12-04','pendiente','12:30:00','09:15:00','','2025-03-17 19:24:45','2025-03-17 19:24:45'),(489,11,'2025-12-11','pendiente','12:30:00','09:15:00','','2025-03-17 19:24:45','2025-03-17 19:24:45'),(490,11,'2025-12-18','pendiente','12:30:00','09:15:00','','2025-03-17 19:24:45','2025-03-17 19:24:45'),(491,11,'2025-12-25','pendiente','12:30:00','09:15:00','','2025-03-17 19:24:46','2025-03-17 19:24:46'),(492,12,'2025-03-03','cancelada','16:30:00','17:15:00',NULL,'2025-03-17 19:30:28','2025-03-18 20:00:02'),(493,12,'2025-03-10','realizada','16:30:00','17:15:00',NULL,'2025-03-17 19:30:28','2025-03-18 20:02:46'),(494,12,'2025-03-17','realizada','16:30:00','17:15:00',NULL,'2025-03-17 19:30:29','2025-03-18 01:21:48'),(495,12,'2025-03-24','realizada','16:30:00','17:15:00',NULL,'2025-03-17 19:30:29','2025-03-24 20:57:49'),(496,12,'2025-03-31','realizada','16:30:00','17:15:00',NULL,'2025-03-17 19:30:29','2025-04-02 11:07:57'),(497,12,'2025-04-07','pendiente','16:30:00','17:15:00','','2025-03-17 19:30:29','2025-03-17 19:30:29'),(498,12,'2025-04-14','pendiente','16:30:00','17:15:00','','2025-03-17 19:30:30','2025-03-17 19:30:30'),(499,12,'2025-04-21','pendiente','16:30:00','17:15:00','','2025-03-17 19:30:30','2025-03-17 19:30:30'),(500,12,'2025-04-28','pendiente','16:30:00','17:15:00','','2025-03-17 19:30:30','2025-03-17 19:30:30'),(501,12,'2025-05-05','pendiente','16:30:00','17:15:00','','2025-03-17 19:30:30','2025-03-17 19:30:30'),(502,12,'2025-05-12','pendiente','16:30:00','17:15:00','','2025-03-17 19:30:30','2025-03-17 19:30:30'),(503,12,'2025-05-19','pendiente','16:30:00','17:15:00','','2025-03-17 19:30:30','2025-03-17 19:30:30'),(504,12,'2025-05-26','pendiente','16:30:00','17:15:00','','2025-03-17 19:30:30','2025-03-17 19:30:30'),(505,12,'2025-06-02','pendiente','16:30:00','17:15:00','','2025-03-17 19:30:30','2025-03-17 19:30:30'),(506,12,'2025-06-09','pendiente','16:30:00','17:15:00','','2025-03-17 19:30:30','2025-03-17 19:30:30'),(507,12,'2025-06-16','pendiente','16:30:00','17:15:00','','2025-03-17 19:30:30','2025-03-17 19:30:30'),(508,12,'2025-06-23','pendiente','16:30:00','17:15:00','','2025-03-17 19:30:31','2025-03-17 19:30:31'),(509,12,'2025-06-30','pendiente','16:30:00','17:15:00','','2025-03-17 19:30:31','2025-03-17 19:30:31'),(510,12,'2025-07-07','pendiente','16:30:00','17:15:00','','2025-03-17 19:30:31','2025-03-17 19:30:31'),(511,12,'2025-07-14','pendiente','16:30:00','17:15:00','','2025-03-17 19:30:31','2025-03-17 19:30:31'),(512,12,'2025-07-21','pendiente','16:30:00','17:15:00','','2025-03-17 19:30:31','2025-03-17 19:30:31'),(513,12,'2025-07-28','pendiente','16:30:00','17:15:00','','2025-03-17 19:30:31','2025-03-17 19:30:31'),(514,12,'2025-08-04','pendiente','16:30:00','17:15:00','','2025-03-17 19:30:31','2025-03-17 19:30:31'),(515,12,'2025-08-11','pendiente','16:30:00','17:15:00','','2025-03-17 19:30:31','2025-03-17 19:30:31'),(516,12,'2025-08-18','pendiente','16:30:00','17:15:00','','2025-03-17 19:30:31','2025-03-17 19:30:31'),(517,12,'2025-08-25','pendiente','16:30:00','17:15:00','','2025-03-17 19:30:32','2025-03-17 19:30:32'),(518,12,'2025-09-01','pendiente','16:30:00','17:15:00','','2025-03-17 19:30:32','2025-03-17 19:30:32'),(519,12,'2025-09-08','pendiente','16:30:00','17:15:00','','2025-03-17 19:30:32','2025-03-17 19:30:32'),(520,12,'2025-09-15','pendiente','16:30:00','17:15:00','','2025-03-17 19:30:32','2025-03-17 19:30:32'),(521,12,'2025-09-22','pendiente','16:30:00','17:15:00','','2025-03-17 19:30:32','2025-03-17 19:30:32'),(522,12,'2025-09-29','pendiente','16:30:00','17:15:00','','2025-03-17 19:30:32','2025-03-17 19:30:32'),(523,12,'2025-10-06','pendiente','16:30:00','17:15:00','','2025-03-17 19:30:32','2025-03-17 19:30:32'),(524,12,'2025-10-13','pendiente','16:30:00','17:15:00','','2025-03-17 19:30:32','2025-03-17 19:30:32'),(525,12,'2025-10-20','pendiente','16:30:00','17:15:00','','2025-03-17 19:30:33','2025-03-17 19:30:33'),(526,12,'2025-10-27','pendiente','16:30:00','17:15:00','','2025-03-17 19:30:33','2025-03-17 19:30:33'),(527,12,'2025-11-03','pendiente','16:30:00','17:15:00','','2025-03-17 19:30:33','2025-03-17 19:30:33'),(528,12,'2025-11-10','pendiente','16:30:00','17:15:00','','2025-03-17 19:30:33','2025-03-17 19:30:33'),(529,12,'2025-11-17','pendiente','16:30:00','17:15:00','','2025-03-17 19:30:33','2025-03-17 19:30:33'),(530,12,'2025-11-24','pendiente','16:30:00','17:15:00','','2025-03-17 19:30:33','2025-03-17 19:30:33'),(531,12,'2025-12-01','pendiente','16:30:00','17:15:00','','2025-03-17 19:30:33','2025-03-17 19:30:33'),(532,12,'2025-12-08','pendiente','16:30:00','17:15:00','','2025-03-17 19:30:33','2025-03-17 19:30:33'),(533,12,'2025-12-15','pendiente','16:30:00','17:15:00','','2025-03-17 19:30:34','2025-03-17 19:30:34'),(534,12,'2025-12-22','pendiente','16:30:00','17:15:00','','2025-03-17 19:30:34','2025-03-17 19:30:34'),(535,12,'2025-12-29','pendiente','16:30:00','17:15:00','','2025-03-17 19:30:34','2025-03-17 19:30:34'),(536,13,'2025-03-03','cancelada','15:30:00','16:15:00',NULL,'2025-03-17 19:39:03','2025-03-17 19:39:17'),(537,13,'2025-03-10','cancelada','15:30:00','16:15:00',NULL,'2025-03-17 19:39:03','2025-04-02 19:00:27'),(538,13,'2025-03-17','realizada','15:30:00','16:15:00',NULL,'2025-03-17 19:39:03','2025-03-17 19:46:03'),(539,13,'2025-03-24','realizada','15:30:00','16:15:00',NULL,'2025-03-17 19:39:03','2025-03-24 20:57:35'),(540,13,'2025-03-31','realizada','15:30:00','16:15:00',NULL,'2025-03-17 19:39:03','2025-04-02 11:07:43'),(541,13,'2025-04-07','pendiente','15:30:00','16:15:00','','2025-03-17 19:39:03','2025-03-17 19:39:03'),(542,13,'2025-04-14','pendiente','15:30:00','16:15:00','','2025-03-17 19:39:03','2025-03-17 19:39:03'),(543,13,'2025-04-21','pendiente','15:30:00','16:15:00','','2025-03-17 19:39:04','2025-03-17 19:39:04'),(544,13,'2025-04-28','pendiente','15:30:00','16:15:00','','2025-03-17 19:39:04','2025-03-17 19:39:04'),(545,13,'2025-05-05','pendiente','15:30:00','16:15:00','','2025-03-17 19:39:04','2025-03-17 19:39:04'),(546,13,'2025-05-12','pendiente','15:30:00','16:15:00','','2025-03-17 19:39:04','2025-03-17 19:39:04'),(547,13,'2025-05-19','pendiente','15:30:00','16:15:00','','2025-03-17 19:39:04','2025-03-17 19:39:04'),(548,13,'2025-05-26','pendiente','15:30:00','16:15:00','','2025-03-17 19:39:04','2025-03-17 19:39:04'),(549,13,'2025-06-02','pendiente','15:30:00','16:15:00','','2025-03-17 19:39:04','2025-03-17 19:39:04'),(550,13,'2025-06-09','pendiente','15:30:00','16:15:00','','2025-03-17 19:39:04','2025-03-17 19:39:04'),(551,13,'2025-06-16','pendiente','15:30:00','16:15:00','','2025-03-17 19:39:04','2025-03-17 19:39:04'),(552,13,'2025-06-23','pendiente','15:30:00','16:15:00','','2025-03-17 19:39:05','2025-03-17 19:39:05'),(553,13,'2025-06-30','pendiente','15:30:00','16:15:00','','2025-03-17 19:39:05','2025-03-17 19:39:05'),(554,13,'2025-07-07','pendiente','15:30:00','16:15:00','','2025-03-17 19:39:05','2025-03-17 19:39:05'),(555,13,'2025-07-14','pendiente','15:30:00','16:15:00','','2025-03-17 19:39:05','2025-03-17 19:39:05'),(556,13,'2025-07-21','pendiente','15:30:00','16:15:00','','2025-03-17 19:39:05','2025-03-17 19:39:05'),(557,13,'2025-07-28','pendiente','15:30:00','16:15:00','','2025-03-17 19:39:05','2025-03-17 19:39:05'),(558,13,'2025-08-04','pendiente','15:30:00','16:15:00','','2025-03-17 19:39:05','2025-03-17 19:39:05'),(559,13,'2025-08-11','pendiente','15:30:00','16:15:00','','2025-03-17 19:39:05','2025-03-17 19:39:05'),(560,13,'2025-08-18','pendiente','15:30:00','16:15:00','','2025-03-17 19:39:05','2025-03-17 19:39:05'),(561,13,'2025-08-25','pendiente','15:30:00','16:15:00','','2025-03-17 19:39:05','2025-03-17 19:39:05'),(562,13,'2025-09-01','pendiente','15:30:00','16:15:00','','2025-03-17 19:39:06','2025-03-17 19:39:06'),(563,13,'2025-09-08','pendiente','15:30:00','16:15:00','','2025-03-17 19:39:06','2025-03-17 19:39:06'),(564,13,'2025-09-15','pendiente','15:30:00','16:15:00','','2025-03-17 19:39:06','2025-03-17 19:39:06'),(565,13,'2025-09-22','pendiente','15:30:00','16:15:00','','2025-03-17 19:39:06','2025-03-17 19:39:06'),(566,13,'2025-09-29','pendiente','15:30:00','16:15:00','','2025-03-17 19:39:06','2025-03-17 19:39:06'),(567,13,'2025-10-06','pendiente','15:30:00','16:15:00','','2025-03-17 19:39:06','2025-03-17 19:39:06'),(568,13,'2025-10-13','pendiente','15:30:00','16:15:00','','2025-03-17 19:39:06','2025-03-17 19:39:06'),(569,13,'2025-10-20','pendiente','15:30:00','16:15:00','','2025-03-17 19:39:06','2025-03-17 19:39:06'),(570,13,'2025-10-27','pendiente','15:30:00','16:15:00','','2025-03-17 19:39:07','2025-03-17 19:39:07'),(571,13,'2025-11-03','pendiente','15:30:00','16:15:00','','2025-03-17 19:39:07','2025-03-17 19:39:07'),(572,13,'2025-11-10','pendiente','15:30:00','16:15:00','','2025-03-17 19:39:07','2025-03-17 19:39:07'),(573,13,'2025-11-17','pendiente','15:30:00','16:15:00','','2025-03-17 19:39:07','2025-03-17 19:39:07'),(574,13,'2025-11-24','pendiente','15:30:00','16:15:00','','2025-03-17 19:39:07','2025-03-17 19:39:07'),(575,13,'2025-12-01','pendiente','15:30:00','16:15:00','','2025-03-17 19:39:07','2025-03-17 19:39:07'),(576,13,'2025-12-08','pendiente','15:30:00','16:15:00','','2025-03-17 19:39:07','2025-03-17 19:39:07'),(577,13,'2025-12-15','pendiente','15:30:00','16:15:00','','2025-03-17 19:39:07','2025-03-17 19:39:07'),(578,13,'2025-12-22','pendiente','15:30:00','16:15:00','','2025-03-17 19:39:07','2025-03-17 19:39:07'),(579,13,'2025-12-29','pendiente','15:30:00','16:15:00','','2025-03-17 19:39:08','2025-03-17 19:39:08'),(580,14,'2025-03-04','cancelada','14:30:00','15:15:00',NULL,'2025-03-18 17:38:17','2025-03-18 19:58:55'),(581,14,'2025-03-11','cancelada','14:30:00','15:15:00',NULL,'2025-03-18 17:38:18','2025-03-18 20:03:38'),(582,14,'2025-03-18','realizada','14:30:00','15:15:00',NULL,'2025-03-18 17:38:18','2025-03-18 20:08:00'),(583,14,'2025-03-25','realizada','14:30:00','15:15:00',NULL,'2025-03-18 17:38:18','2025-03-25 21:31:35'),(584,14,'2025-04-01','cancelada','14:30:00','15:15:00',NULL,'2025-03-18 17:38:18','2025-04-02 11:08:11'),(585,14,'2025-04-08','pendiente','14:30:00','15:15:00','','2025-03-18 17:38:18','2025-03-18 17:38:18'),(586,14,'2025-04-15','pendiente','14:30:00','15:15:00','','2025-03-18 17:38:18','2025-03-18 17:38:18'),(587,14,'2025-04-22','pendiente','14:30:00','15:15:00','','2025-03-18 17:38:18','2025-03-18 17:38:18'),(588,14,'2025-04-29','pendiente','14:30:00','15:15:00','','2025-03-18 17:38:18','2025-03-18 17:38:18'),(589,14,'2025-05-06','pendiente','14:30:00','15:15:00','','2025-03-18 17:38:19','2025-03-18 17:38:19'),(590,14,'2025-05-13','pendiente','14:30:00','15:15:00','','2025-03-18 17:38:19','2025-03-18 17:38:19'),(591,14,'2025-05-20','pendiente','14:30:00','15:15:00','','2025-03-18 17:38:19','2025-03-18 17:38:19'),(592,14,'2025-05-27','pendiente','14:30:00','15:15:00','','2025-03-18 17:38:19','2025-03-18 17:38:19'),(593,14,'2025-06-03','pendiente','14:30:00','15:15:00','','2025-03-18 17:38:19','2025-03-18 17:38:19'),(594,14,'2025-06-10','pendiente','14:30:00','15:15:00','','2025-03-18 17:38:19','2025-03-18 17:38:19'),(595,14,'2025-06-17','pendiente','14:30:00','15:15:00','','2025-03-18 17:38:19','2025-03-18 17:38:19'),(596,14,'2025-06-24','pendiente','14:30:00','15:15:00','','2025-03-18 17:38:19','2025-03-18 17:38:19'),(597,14,'2025-07-01','pendiente','14:30:00','15:15:00','','2025-03-18 17:38:19','2025-03-18 17:38:19'),(598,14,'2025-07-08','pendiente','14:30:00','15:15:00','','2025-03-18 17:38:19','2025-03-18 17:38:19'),(599,14,'2025-07-15','pendiente','14:30:00','15:15:00','','2025-03-18 17:38:20','2025-03-18 17:38:20'),(600,14,'2025-07-22','pendiente','14:30:00','15:15:00','','2025-03-18 17:38:20','2025-03-18 17:38:20'),(601,14,'2025-07-29','pendiente','14:30:00','15:15:00','','2025-03-18 17:38:20','2025-03-18 17:38:20'),(602,14,'2025-08-05','pendiente','14:30:00','15:15:00','','2025-03-18 17:38:20','2025-03-18 17:38:20'),(603,14,'2025-08-12','pendiente','14:30:00','15:15:00','','2025-03-18 17:38:20','2025-03-18 17:38:20'),(604,14,'2025-08-19','pendiente','14:30:00','15:15:00','','2025-03-18 17:38:20','2025-03-18 17:38:20'),(605,14,'2025-08-26','pendiente','14:30:00','15:15:00','','2025-03-18 17:38:20','2025-03-18 17:38:20'),(606,14,'2025-09-02','pendiente','14:30:00','15:15:00','','2025-03-18 17:38:20','2025-03-18 17:38:20'),(607,14,'2025-09-09','pendiente','14:30:00','15:15:00','','2025-03-18 17:38:20','2025-03-18 17:38:20'),(608,14,'2025-09-16','pendiente','14:30:00','15:15:00','','2025-03-18 17:38:20','2025-03-18 17:38:20'),(609,14,'2025-09-23','pendiente','14:30:00','15:15:00','','2025-03-18 17:38:21','2025-03-18 17:38:21'),(610,14,'2025-09-30','pendiente','14:30:00','15:15:00','','2025-03-18 17:38:21','2025-03-18 17:38:21'),(611,14,'2025-10-07','pendiente','14:30:00','15:15:00','','2025-03-18 17:38:21','2025-03-18 17:38:21'),(612,14,'2025-10-14','pendiente','14:30:00','15:15:00','','2025-03-18 17:38:21','2025-03-18 17:38:21'),(613,14,'2025-10-21','pendiente','14:30:00','15:15:00','','2025-03-18 17:38:21','2025-03-18 17:38:21'),(614,14,'2025-10-28','pendiente','14:30:00','15:15:00','','2025-03-18 17:38:21','2025-03-18 17:38:21'),(615,14,'2025-11-04','pendiente','14:30:00','15:15:00','','2025-03-18 17:38:21','2025-03-18 17:38:21'),(616,14,'2025-11-11','pendiente','14:30:00','15:15:00','','2025-03-18 17:38:21','2025-03-18 17:38:21'),(617,14,'2025-11-18','pendiente','14:30:00','15:15:00','','2025-03-18 17:38:21','2025-03-18 17:38:21'),(618,14,'2025-11-25','pendiente','14:30:00','15:15:00','','2025-03-18 17:38:21','2025-03-18 17:38:21'),(619,14,'2025-12-02','pendiente','14:30:00','15:15:00','','2025-03-18 17:38:22','2025-03-18 17:38:22'),(620,14,'2025-12-09','pendiente','14:30:00','15:15:00','','2025-03-18 17:38:22','2025-03-18 17:38:22'),(621,14,'2025-12-16','pendiente','14:30:00','15:15:00','','2025-03-18 17:38:22','2025-03-18 17:38:22'),(622,14,'2025-12-23','pendiente','14:30:00','15:15:00','','2025-03-18 17:38:22','2025-03-18 17:38:22'),(623,14,'2025-12-30','pendiente','14:30:00','15:15:00','','2025-03-18 17:38:22','2025-03-18 17:38:22'),(624,15,'2025-03-03','cancelada','17:30:00','18:15:00',NULL,'2025-03-18 18:32:51','2025-03-18 20:00:10'),(625,15,'2025-03-10','cancelada','17:30:00','18:15:00',NULL,'2025-03-18 18:32:51','2025-03-18 20:03:07'),(626,15,'2025-03-17','cancelada','17:30:00','18:15:00',NULL,'2025-03-18 18:32:51','2025-03-18 22:20:18'),(627,15,'2025-03-24','realizada','17:30:00','18:15:00',NULL,'2025-03-18 18:32:51','2025-03-24 20:57:59'),(628,15,'2025-03-31','cancelada','17:30:00','18:15:00',NULL,'2025-03-18 18:32:51','2025-03-31 12:26:38'),(629,15,'2025-04-07','pendiente','17:30:00','18:15:00','','2025-03-18 18:32:51','2025-03-18 18:32:51'),(630,15,'2025-04-14','pendiente','17:30:00','18:15:00','','2025-03-18 18:32:51','2025-03-18 18:32:51'),(631,15,'2025-04-21','pendiente','17:30:00','18:15:00','','2025-03-18 18:32:51','2025-03-18 18:32:51'),(632,15,'2025-04-28','pendiente','17:30:00','18:15:00','','2025-03-18 18:32:52','2025-03-18 18:32:52'),(633,15,'2025-05-05','pendiente','17:30:00','18:15:00','','2025-03-18 18:32:52','2025-03-18 18:32:52'),(634,15,'2025-05-12','pendiente','17:30:00','18:15:00','','2025-03-18 18:32:52','2025-03-18 18:32:52'),(635,15,'2025-05-19','pendiente','17:30:00','18:15:00','','2025-03-18 18:32:52','2025-03-18 18:32:52'),(636,15,'2025-05-26','pendiente','17:30:00','18:15:00','','2025-03-18 18:32:52','2025-03-18 18:32:52'),(637,15,'2025-06-02','pendiente','17:30:00','18:15:00','','2025-03-18 18:32:53','2025-03-18 18:32:53'),(638,15,'2025-06-09','pendiente','17:30:00','18:15:00','','2025-03-18 18:32:53','2025-03-18 18:32:53'),(639,15,'2025-06-16','pendiente','17:30:00','18:15:00','','2025-03-18 18:32:53','2025-03-18 18:32:53'),(640,15,'2025-06-23','pendiente','17:30:00','18:15:00','','2025-03-18 18:32:53','2025-03-18 18:32:53'),(641,15,'2025-06-30','pendiente','17:30:00','18:15:00','','2025-03-18 18:32:53','2025-03-18 18:32:53'),(642,15,'2025-07-07','pendiente','17:30:00','18:15:00','','2025-03-18 18:32:53','2025-03-18 18:32:53'),(643,15,'2025-07-14','pendiente','17:30:00','18:15:00','','2025-03-18 18:32:53','2025-03-18 18:32:53'),(644,15,'2025-07-21','pendiente','17:30:00','18:15:00','','2025-03-18 18:32:53','2025-03-18 18:32:53'),(645,15,'2025-07-28','pendiente','17:30:00','18:15:00','','2025-03-18 18:32:53','2025-03-18 18:32:53'),(646,15,'2025-08-04','pendiente','17:30:00','18:15:00','','2025-03-18 18:32:54','2025-03-18 18:32:54'),(647,15,'2025-08-11','pendiente','17:30:00','18:15:00','','2025-03-18 18:32:54','2025-03-18 18:32:54'),(648,15,'2025-08-18','pendiente','17:30:00','18:15:00','','2025-03-18 18:32:54','2025-03-18 18:32:54'),(649,15,'2025-08-25','pendiente','17:30:00','18:15:00','','2025-03-18 18:32:54','2025-03-18 18:32:54'),(650,15,'2025-09-01','pendiente','17:30:00','18:15:00','','2025-03-18 18:32:54','2025-03-18 18:32:54'),(651,15,'2025-09-08','pendiente','17:30:00','18:15:00','','2025-03-18 18:32:54','2025-03-18 18:32:54'),(652,15,'2025-09-15','pendiente','17:30:00','18:15:00','','2025-03-18 18:32:54','2025-03-18 18:32:54'),(653,15,'2025-09-22','pendiente','17:30:00','18:15:00','','2025-03-18 18:32:54','2025-03-18 18:32:54'),(654,15,'2025-09-29','pendiente','17:30:00','18:15:00','','2025-03-18 18:32:54','2025-03-18 18:32:54'),(655,15,'2025-10-06','pendiente','17:30:00','18:15:00','','2025-03-18 18:32:54','2025-03-18 18:32:54'),(656,15,'2025-10-13','pendiente','17:30:00','18:15:00','','2025-03-18 18:32:55','2025-03-18 18:32:55'),(657,15,'2025-10-20','pendiente','17:30:00','18:15:00','','2025-03-18 18:32:55','2025-03-18 18:32:55'),(658,15,'2025-10-27','pendiente','17:30:00','18:15:00','','2025-03-18 18:32:55','2025-03-18 18:32:55'),(659,15,'2025-11-03','pendiente','17:30:00','18:15:00','','2025-03-18 18:32:55','2025-03-18 18:32:55'),(660,15,'2025-11-10','pendiente','17:30:00','18:15:00','','2025-03-18 18:32:55','2025-03-18 18:32:55'),(661,15,'2025-11-17','pendiente','17:30:00','18:15:00','','2025-03-18 18:32:55','2025-03-18 18:32:55'),(662,15,'2025-11-24','pendiente','17:30:00','18:15:00','','2025-03-18 18:32:55','2025-03-18 18:32:55'),(663,15,'2025-12-01','pendiente','17:30:00','18:15:00','','2025-03-18 18:32:55','2025-03-18 18:32:55'),(664,15,'2025-12-08','pendiente','17:30:00','18:15:00','','2025-03-18 18:32:55','2025-03-18 18:32:55'),(665,15,'2025-12-15','pendiente','17:30:00','18:15:00','','2025-03-18 18:32:55','2025-03-18 18:32:55'),(666,15,'2025-12-22','pendiente','17:30:00','18:15:00','','2025-03-18 18:32:56','2025-03-18 18:32:56'),(667,15,'2025-12-29','pendiente','17:30:00','18:15:00','','2025-03-18 18:32:56','2025-03-18 18:32:56'),(668,16,'2025-03-05','cancelada','09:30:00','10:15:00',NULL,'2025-03-18 18:44:36','2025-03-18 20:00:32'),(669,16,'2025-03-12','cancelada','09:30:00','10:15:00',NULL,'2025-03-18 18:44:36','2025-03-18 20:04:22'),(670,16,'2025-03-19','realizada','09:30:00','10:15:00',NULL,'2025-03-18 18:44:36','2025-03-19 14:26:24'),(671,16,'2025-03-26','realizada','09:30:00','10:15:00',NULL,'2025-03-18 18:44:36','2025-03-26 14:29:48'),(672,16,'2025-04-02','realizada','09:30:00','10:15:00',NULL,'2025-03-18 18:44:37','2025-04-02 15:16:48'),(673,16,'2025-04-09','pendiente','09:30:00','10:15:00','','2025-03-18 18:44:37','2025-03-18 18:44:37'),(674,16,'2025-04-16','pendiente','09:30:00','10:15:00','','2025-03-18 18:44:37','2025-03-18 18:44:37'),(675,16,'2025-04-23','pendiente','09:30:00','10:15:00','','2025-03-18 18:44:37','2025-03-18 18:44:37'),(676,16,'2025-04-30','pendiente','09:30:00','10:15:00','','2025-03-18 18:44:37','2025-03-18 18:44:37'),(677,16,'2025-05-07','pendiente','09:30:00','10:15:00','','2025-03-18 18:44:37','2025-03-18 18:44:37'),(678,16,'2025-05-14','pendiente','09:30:00','10:15:00','','2025-03-18 18:44:38','2025-03-18 18:44:38'),(679,16,'2025-05-21','pendiente','09:30:00','10:15:00','','2025-03-18 18:44:38','2025-03-18 18:44:38'),(680,16,'2025-05-28','pendiente','09:30:00','10:15:00','','2025-03-18 18:44:38','2025-03-18 18:44:38'),(681,16,'2025-06-04','pendiente','09:30:00','10:15:00','','2025-03-18 18:44:38','2025-03-18 18:44:38'),(682,16,'2025-06-11','pendiente','09:30:00','10:15:00','','2025-03-18 18:44:38','2025-03-18 18:44:38'),(683,16,'2025-06-18','pendiente','09:30:00','10:15:00','','2025-03-18 18:44:38','2025-03-18 18:44:38'),(684,16,'2025-06-25','pendiente','09:30:00','10:15:00','','2025-03-18 18:44:38','2025-03-18 18:44:38'),(685,16,'2025-07-02','pendiente','09:30:00','10:15:00','','2025-03-18 18:44:38','2025-03-18 18:44:38'),(686,16,'2025-07-09','pendiente','09:30:00','10:15:00','','2025-03-18 18:44:38','2025-03-18 18:44:38'),(687,16,'2025-07-16','pendiente','09:30:00','10:15:00','','2025-03-18 18:44:38','2025-03-18 18:44:38'),(688,16,'2025-07-23','pendiente','09:30:00','10:15:00','','2025-03-18 18:44:39','2025-03-18 18:44:39'),(689,16,'2025-07-30','pendiente','09:30:00','10:15:00','','2025-03-18 18:44:39','2025-03-18 18:44:39'),(690,16,'2025-08-06','pendiente','09:30:00','10:15:00','','2025-03-18 18:44:39','2025-03-18 18:44:39'),(691,16,'2025-08-13','pendiente','09:30:00','10:15:00','','2025-03-18 18:44:39','2025-03-18 18:44:39'),(692,16,'2025-08-20','pendiente','09:30:00','10:15:00','','2025-03-18 18:44:39','2025-03-18 18:44:39'),(693,16,'2025-08-27','pendiente','09:30:00','10:15:00','','2025-03-18 18:44:39','2025-03-18 18:44:39'),(694,16,'2025-09-03','pendiente','09:30:00','10:15:00','','2025-03-18 18:44:39','2025-03-18 18:44:39'),(695,16,'2025-09-10','pendiente','09:30:00','10:15:00','','2025-03-18 18:44:39','2025-03-18 18:44:39'),(696,16,'2025-09-17','pendiente','09:30:00','10:15:00','','2025-03-18 18:44:40','2025-03-18 18:44:40'),(697,16,'2025-09-24','pendiente','09:30:00','10:15:00','','2025-03-18 18:44:40','2025-03-18 18:44:40'),(698,16,'2025-10-01','pendiente','09:30:00','10:15:00','','2025-03-18 18:44:40','2025-03-18 18:44:40'),(699,16,'2025-10-08','pendiente','09:30:00','10:15:00','','2025-03-18 18:44:40','2025-03-18 18:44:40'),(700,16,'2025-10-15','pendiente','09:30:00','10:15:00','','2025-03-18 18:44:40','2025-03-18 18:44:40'),(701,16,'2025-10-22','pendiente','09:30:00','10:15:00','','2025-03-18 18:44:40','2025-03-18 18:44:40'),(702,16,'2025-10-29','pendiente','09:30:00','10:15:00','','2025-03-18 18:44:40','2025-03-18 18:44:40'),(703,16,'2025-11-05','pendiente','09:30:00','10:15:00','','2025-03-18 18:44:40','2025-03-18 18:44:40'),(704,16,'2025-11-12','pendiente','09:30:00','10:15:00','','2025-03-18 18:44:40','2025-03-18 18:44:40'),(705,16,'2025-11-19','pendiente','09:30:00','10:15:00','','2025-03-18 18:44:41','2025-03-18 18:44:41'),(706,16,'2025-11-26','pendiente','09:30:00','10:15:00','','2025-03-18 18:44:41','2025-03-18 18:44:41'),(707,16,'2025-12-03','pendiente','09:30:00','10:15:00','','2025-03-18 18:44:41','2025-03-18 18:44:41'),(708,16,'2025-12-10','pendiente','09:30:00','10:15:00','','2025-03-18 18:44:41','2025-03-18 18:44:41'),(709,16,'2025-12-17','pendiente','09:30:00','10:15:00','','2025-03-18 18:44:41','2025-03-18 18:44:41'),(710,16,'2025-12-24','pendiente','09:30:00','10:15:00','','2025-03-18 18:44:41','2025-03-18 18:44:41'),(711,16,'2025-12-31','pendiente','09:30:00','10:15:00','','2025-03-18 18:44:41','2025-03-18 18:44:41'),(712,17,'2025-03-05','cancelada','10:30:00','11:15:00',NULL,'2025-03-18 18:47:27','2025-03-18 20:00:39'),(713,17,'2025-03-12','cancelada','10:30:00','11:15:00',NULL,'2025-03-18 18:47:27','2025-03-18 20:04:31'),(714,17,'2025-03-19','realizada','10:30:00','11:15:00',NULL,'2025-03-18 18:47:27','2025-03-19 14:26:34'),(715,17,'2025-03-26','realizada','10:30:00','11:15:00',NULL,'2025-03-18 18:47:27','2025-03-26 14:30:02'),(716,17,'2025-04-02','realizada','10:30:00','11:15:00',NULL,'2025-03-18 18:47:28','2025-04-02 15:16:57'),(717,17,'2025-04-09','pendiente','10:30:00','11:15:00','','2025-03-18 18:47:28','2025-03-18 18:47:28'),(718,17,'2025-04-16','pendiente','10:30:00','11:15:00','','2025-03-18 18:47:28','2025-03-18 18:47:28'),(719,17,'2025-04-23','pendiente','10:30:00','11:15:00','','2025-03-18 18:47:28','2025-03-18 18:47:28'),(720,17,'2025-04-30','pendiente','10:30:00','11:15:00','','2025-03-18 18:47:28','2025-03-18 18:47:28'),(721,17,'2025-05-07','pendiente','10:30:00','11:15:00','','2025-03-18 18:47:28','2025-03-18 18:47:28'),(722,17,'2025-05-14','pendiente','10:30:00','11:15:00','','2025-03-18 18:47:28','2025-03-18 18:47:28'),(723,17,'2025-05-21','pendiente','10:30:00','11:15:00','','2025-03-18 18:47:28','2025-03-18 18:47:28'),(724,17,'2025-05-28','pendiente','10:30:00','11:15:00','','2025-03-18 18:47:28','2025-03-18 18:47:28'),(725,17,'2025-06-04','pendiente','10:30:00','11:15:00','','2025-03-18 18:47:29','2025-03-18 18:47:29'),(726,17,'2025-06-11','pendiente','10:30:00','11:15:00','','2025-03-18 18:47:29','2025-03-18 18:47:29'),(727,17,'2025-06-18','pendiente','10:30:00','11:15:00','','2025-03-18 18:47:29','2025-03-18 18:47:29'),(728,17,'2025-06-25','pendiente','10:30:00','11:15:00','','2025-03-18 18:47:29','2025-03-18 18:47:29'),(729,17,'2025-07-02','pendiente','10:30:00','11:15:00','','2025-03-18 18:47:29','2025-03-18 18:47:29'),(730,17,'2025-07-09','pendiente','10:30:00','11:15:00','','2025-03-18 18:47:29','2025-03-18 18:47:29'),(731,17,'2025-07-16','pendiente','10:30:00','11:15:00','','2025-03-18 18:47:29','2025-03-18 18:47:29'),(732,17,'2025-07-23','pendiente','10:30:00','11:15:00','','2025-03-18 18:47:29','2025-03-18 18:47:29'),(733,17,'2025-07-30','pendiente','10:30:00','11:15:00','','2025-03-18 18:47:29','2025-03-18 18:47:29'),(734,17,'2025-08-06','pendiente','10:30:00','11:15:00','','2025-03-18 18:47:30','2025-03-18 18:47:30'),(735,17,'2025-08-13','pendiente','10:30:00','11:15:00','','2025-03-18 18:47:30','2025-03-18 18:47:30'),(736,17,'2025-08-20','pendiente','10:30:00','11:15:00','','2025-03-18 18:47:30','2025-03-18 18:47:30'),(737,17,'2025-08-27','pendiente','10:30:00','11:15:00','','2025-03-18 18:47:30','2025-03-18 18:47:30'),(738,17,'2025-09-03','pendiente','10:30:00','11:15:00','','2025-03-18 18:47:30','2025-03-18 18:47:30'),(739,17,'2025-09-10','pendiente','10:30:00','11:15:00','','2025-03-18 18:47:30','2025-03-18 18:47:30'),(740,17,'2025-09-17','pendiente','10:30:00','11:15:00','','2025-03-18 18:47:30','2025-03-18 18:47:30'),(741,17,'2025-09-24','pendiente','10:30:00','11:15:00','','2025-03-18 18:47:30','2025-03-18 18:47:30'),(742,17,'2025-10-01','pendiente','10:30:00','11:15:00','','2025-03-18 18:47:30','2025-03-18 18:47:30'),(743,17,'2025-10-08','pendiente','10:30:00','11:15:00','','2025-03-18 18:47:30','2025-03-18 18:47:30'),(744,17,'2025-10-15','pendiente','10:30:00','11:15:00','','2025-03-18 18:47:31','2025-03-18 18:47:31'),(745,17,'2025-10-22','pendiente','10:30:00','11:15:00','','2025-03-18 18:47:31','2025-03-18 18:47:31'),(746,17,'2025-10-29','pendiente','10:30:00','11:15:00','','2025-03-18 18:47:31','2025-03-18 18:47:31'),(747,17,'2025-11-05','pendiente','10:30:00','11:15:00','','2025-03-18 18:47:31','2025-03-18 18:47:31'),(748,17,'2025-11-12','pendiente','10:30:00','11:15:00','','2025-03-18 18:47:31','2025-03-18 18:47:31'),(749,17,'2025-11-19','pendiente','10:30:00','11:15:00','','2025-03-18 18:47:31','2025-03-18 18:47:31'),(750,17,'2025-11-26','pendiente','10:30:00','11:15:00','','2025-03-18 18:47:31','2025-03-18 18:47:31'),(751,17,'2025-12-03','pendiente','10:30:00','11:15:00','','2025-03-18 18:47:31','2025-03-18 18:47:31'),(752,17,'2025-12-10','pendiente','10:30:00','11:15:00','','2025-03-18 18:47:31','2025-03-18 18:47:31'),(753,17,'2025-12-17','pendiente','10:30:00','11:15:00','','2025-03-18 18:47:31','2025-03-18 18:47:31'),(754,17,'2025-12-24','pendiente','10:30:00','11:15:00','','2025-03-18 18:47:32','2025-03-18 18:47:32'),(755,17,'2025-12-31','pendiente','10:30:00','11:15:00','','2025-03-18 18:47:32','2025-03-18 18:47:32'),(756,18,'2025-03-05','cancelada','11:30:00','12:15:00',NULL,'2025-03-18 18:53:07','2025-03-18 20:00:47'),(757,18,'2025-03-12','cancelada','11:30:00','12:15:00',NULL,'2025-03-18 18:53:08','2025-03-18 20:04:39'),(758,18,'2025-03-19','cancelada','11:30:00','12:15:00',NULL,'2025-03-18 18:53:08','2025-03-19 15:00:51'),(759,18,'2025-03-26','realizada','11:30:00','12:15:00',NULL,'2025-03-18 18:53:08','2025-03-26 14:30:24'),(760,18,'2025-04-02','realizada','11:30:00','12:15:00',NULL,'2025-03-18 18:53:08','2025-04-02 15:17:06'),(761,18,'2025-04-09','pendiente','11:30:00','12:15:00','','2025-03-18 18:53:08','2025-03-18 18:53:08'),(762,18,'2025-04-16','pendiente','11:30:00','12:15:00','','2025-03-18 18:53:09','2025-03-18 18:53:09'),(763,18,'2025-04-23','pendiente','11:30:00','12:15:00','','2025-03-18 18:53:09','2025-03-18 18:53:09'),(764,18,'2025-04-30','pendiente','11:30:00','12:15:00','','2025-03-18 18:53:09','2025-03-18 18:53:09'),(765,18,'2025-05-07','pendiente','11:30:00','12:15:00','','2025-03-18 18:53:09','2025-03-18 18:53:09'),(766,18,'2025-05-14','pendiente','11:30:00','12:15:00','','2025-03-18 18:53:09','2025-03-18 18:53:09'),(767,18,'2025-05-21','pendiente','11:30:00','12:15:00','','2025-03-18 18:53:09','2025-03-18 18:53:09'),(768,18,'2025-05-28','pendiente','11:30:00','12:15:00','','2025-03-18 18:53:09','2025-03-18 18:53:09'),(769,18,'2025-06-04','pendiente','11:30:00','12:15:00','','2025-03-18 18:53:09','2025-03-18 18:53:09'),(770,18,'2025-06-11','pendiente','11:30:00','12:15:00','','2025-03-18 18:53:09','2025-03-18 18:53:09'),(771,18,'2025-06-18','pendiente','11:30:00','12:15:00','','2025-03-18 18:53:10','2025-03-18 18:53:10'),(772,18,'2025-06-25','pendiente','11:30:00','12:15:00','','2025-03-18 18:53:10','2025-03-18 18:53:10'),(773,18,'2025-07-02','pendiente','11:30:00','12:15:00','','2025-03-18 18:53:10','2025-03-18 18:53:10'),(774,18,'2025-07-09','pendiente','11:30:00','12:15:00','','2025-03-18 18:53:10','2025-03-18 18:53:10'),(775,18,'2025-07-16','pendiente','11:30:00','12:15:00','','2025-03-18 18:53:10','2025-03-18 18:53:10'),(776,18,'2025-07-23','pendiente','11:30:00','12:15:00','','2025-03-18 18:53:10','2025-03-18 18:53:10'),(777,18,'2025-07-30','pendiente','11:30:00','12:15:00','','2025-03-18 18:53:10','2025-03-18 18:53:10'),(778,18,'2025-08-06','pendiente','11:30:00','12:15:00','','2025-03-18 18:53:10','2025-03-18 18:53:10'),(779,18,'2025-08-13','pendiente','11:30:00','12:15:00','','2025-03-18 18:53:10','2025-03-18 18:53:10'),(780,18,'2025-08-20','pendiente','11:30:00','12:15:00','','2025-03-18 18:53:10','2025-03-18 18:53:10'),(781,18,'2025-08-27','pendiente','11:30:00','12:15:00','','2025-03-18 18:53:11','2025-03-18 18:53:11'),(782,18,'2025-09-03','pendiente','11:30:00','12:15:00','','2025-03-18 18:53:11','2025-03-18 18:53:11'),(783,18,'2025-09-10','pendiente','11:30:00','12:15:00','','2025-03-18 18:53:11','2025-03-18 18:53:11'),(784,18,'2025-09-17','pendiente','11:30:00','12:15:00','','2025-03-18 18:53:11','2025-03-18 18:53:11'),(785,18,'2025-09-24','pendiente','11:30:00','12:15:00','','2025-03-18 18:53:11','2025-03-18 18:53:11'),(786,18,'2025-10-01','pendiente','11:30:00','12:15:00','','2025-03-18 18:53:11','2025-03-18 18:53:11'),(787,18,'2025-10-08','pendiente','11:30:00','12:15:00','','2025-03-18 18:53:11','2025-03-18 18:53:11'),(788,18,'2025-10-15','pendiente','11:30:00','12:15:00','','2025-03-18 18:53:11','2025-03-18 18:53:11'),(789,18,'2025-10-22','pendiente','11:30:00','12:15:00','','2025-03-18 18:53:11','2025-03-18 18:53:11'),(790,18,'2025-10-29','pendiente','11:30:00','12:15:00','','2025-03-18 18:53:12','2025-03-18 18:53:12'),(791,18,'2025-11-05','pendiente','11:30:00','12:15:00','','2025-03-18 18:53:12','2025-03-18 18:53:12'),(792,18,'2025-11-12','pendiente','11:30:00','12:15:00','','2025-03-18 18:53:12','2025-03-18 18:53:12'),(793,18,'2025-11-19','pendiente','11:30:00','12:15:00','','2025-03-18 18:53:12','2025-03-18 18:53:12'),(794,18,'2025-11-26','pendiente','11:30:00','12:15:00','','2025-03-18 18:53:12','2025-03-18 18:53:12'),(795,18,'2025-12-03','pendiente','11:30:00','12:15:00','','2025-03-18 18:53:12','2025-03-18 18:53:12'),(796,18,'2025-12-10','pendiente','11:30:00','12:15:00','','2025-03-18 18:53:12','2025-03-18 18:53:12'),(797,18,'2025-12-17','pendiente','11:30:00','12:15:00','','2025-03-18 18:53:12','2025-03-18 18:53:12'),(798,18,'2025-12-24','pendiente','11:30:00','12:15:00','','2025-03-18 18:53:13','2025-03-18 18:53:13'),(799,18,'2025-12-31','pendiente','11:30:00','12:15:00','','2025-03-18 18:53:13','2025-03-18 18:53:13'),(800,19,'2025-03-05','cancelada','15:15:00','16:00:00',NULL,'2025-03-18 18:56:47','2025-03-18 20:01:01'),(801,19,'2025-03-12','realizada','15:15:00','16:00:00',NULL,'2025-03-18 18:56:47','2025-03-18 20:04:58'),(802,19,'2025-03-19','realizada','15:15:00','16:00:00',NULL,'2025-03-18 18:56:47','2025-03-19 19:05:20'),(803,19,'2025-03-26','realizada','15:15:00','16:00:00',NULL,'2025-03-18 18:56:47','2025-03-26 19:08:55'),(804,19,'2025-04-02','realizada','15:15:00','16:00:00',NULL,'2025-03-18 18:56:47','2025-04-02 19:40:27'),(805,19,'2025-04-09','pendiente','15:15:00','16:00:00','','2025-03-18 18:56:48','2025-03-18 18:56:48'),(806,19,'2025-04-16','pendiente','15:15:00','16:00:00','','2025-03-18 18:56:48','2025-03-18 18:56:48'),(807,19,'2025-04-23','pendiente','15:15:00','16:00:00','','2025-03-18 18:56:48','2025-03-18 18:56:48'),(808,19,'2025-04-30','pendiente','15:15:00','16:00:00','','2025-03-18 18:56:48','2025-03-18 18:56:48'),(809,19,'2025-05-07','pendiente','15:15:00','16:00:00','','2025-03-18 18:56:49','2025-03-18 18:56:49'),(810,19,'2025-05-14','pendiente','15:15:00','16:00:00','','2025-03-18 18:56:49','2025-03-18 18:56:49'),(811,19,'2025-05-21','pendiente','15:15:00','16:00:00','','2025-03-18 18:56:49','2025-03-18 18:56:49'),(812,19,'2025-05-28','pendiente','15:15:00','16:00:00','','2025-03-18 18:56:49','2025-03-18 18:56:49'),(813,19,'2025-06-04','pendiente','15:15:00','16:00:00','','2025-03-18 18:56:49','2025-03-18 18:56:49'),(814,19,'2025-06-11','pendiente','15:15:00','16:00:00','','2025-03-18 18:56:49','2025-03-18 18:56:49'),(815,19,'2025-06-18','pendiente','15:15:00','16:00:00','','2025-03-18 18:56:49','2025-03-18 18:56:49'),(816,19,'2025-06-25','pendiente','15:15:00','16:00:00','','2025-03-18 18:56:49','2025-03-18 18:56:49'),(817,19,'2025-07-02','pendiente','15:15:00','16:00:00','','2025-03-18 18:56:49','2025-03-18 18:56:49'),(818,19,'2025-07-09','pendiente','15:15:00','16:00:00','','2025-03-18 18:56:50','2025-03-18 18:56:50'),(819,19,'2025-07-16','pendiente','15:15:00','16:00:00','','2025-03-18 18:56:50','2025-03-18 18:56:50'),(820,19,'2025-07-23','pendiente','15:15:00','16:00:00','','2025-03-18 18:56:50','2025-03-18 18:56:50'),(821,19,'2025-07-30','pendiente','15:15:00','16:00:00','','2025-03-18 18:56:50','2025-03-18 18:56:50'),(822,19,'2025-08-06','pendiente','15:15:00','16:00:00','','2025-03-18 18:56:50','2025-03-18 18:56:50'),(823,19,'2025-08-13','pendiente','15:15:00','16:00:00','','2025-03-18 18:56:50','2025-03-18 18:56:50'),(824,19,'2025-08-20','pendiente','15:15:00','16:00:00','','2025-03-18 18:56:50','2025-03-18 18:56:50'),(825,19,'2025-08-27','pendiente','15:15:00','16:00:00','','2025-03-18 18:56:50','2025-03-18 18:56:50'),(826,19,'2025-09-03','pendiente','15:15:00','16:00:00','','2025-03-18 18:56:51','2025-03-18 18:56:51'),(827,19,'2025-09-10','pendiente','15:15:00','16:00:00','','2025-03-18 18:56:51','2025-03-18 18:56:51'),(828,19,'2025-09-17','pendiente','15:15:00','16:00:00','','2025-03-18 18:56:51','2025-03-18 18:56:51'),(829,19,'2025-09-24','pendiente','15:15:00','16:00:00','','2025-03-18 18:56:51','2025-03-18 18:56:51'),(830,19,'2025-10-01','pendiente','15:15:00','16:00:00','','2025-03-18 18:56:51','2025-03-18 18:56:51'),(831,19,'2025-10-08','pendiente','15:15:00','16:00:00','','2025-03-18 18:56:51','2025-03-18 18:56:51'),(832,19,'2025-10-15','pendiente','15:15:00','16:00:00','','2025-03-18 18:56:51','2025-03-18 18:56:51'),(833,19,'2025-10-22','pendiente','15:15:00','16:00:00','','2025-03-18 18:56:51','2025-03-18 18:56:51'),(834,19,'2025-10-29','pendiente','15:15:00','16:00:00','','2025-03-18 18:56:51','2025-03-18 18:56:51'),(835,19,'2025-11-05','pendiente','15:15:00','16:00:00','','2025-03-18 18:56:52','2025-03-18 18:56:52'),(836,19,'2025-11-12','pendiente','15:15:00','16:00:00','','2025-03-18 18:56:52','2025-03-18 18:56:52'),(837,19,'2025-11-19','pendiente','15:15:00','16:00:00','','2025-03-18 18:56:52','2025-03-18 18:56:52'),(838,19,'2025-11-26','pendiente','15:15:00','16:00:00','','2025-03-18 18:56:52','2025-03-18 18:56:52'),(839,19,'2025-12-03','pendiente','15:15:00','16:00:00','','2025-03-18 18:56:52','2025-03-18 18:56:52'),(840,19,'2025-12-10','pendiente','15:15:00','16:00:00','','2025-03-18 18:56:52','2025-03-18 18:56:52'),(841,19,'2025-12-17','pendiente','15:15:00','16:00:00','','2025-03-18 18:56:52','2025-03-18 18:56:52'),(842,19,'2025-12-24','pendiente','15:15:00','16:00:00','','2025-03-18 18:56:52','2025-03-18 18:56:52'),(843,19,'2025-12-31','pendiente','15:15:00','16:00:00','','2025-03-18 18:56:52','2025-03-18 18:56:52'),(844,20,'2025-03-05','cancelada','16:15:00','17:00:00',NULL,'2025-03-18 19:01:01','2025-03-18 20:01:08'),(845,20,'2025-03-12','realizada','16:15:00','17:00:00','esta sesión se hizo el martes 11','2025-03-18 19:01:02','2025-03-18 20:05:13'),(846,20,'2025-03-19','realizada','16:15:00','17:00:00',NULL,'2025-03-18 19:01:02','2025-03-19 20:18:33'),(847,20,'2025-03-26','realizada','16:15:00','17:00:00',NULL,'2025-03-18 19:01:02','2025-03-26 20:25:10'),(848,20,'2025-04-02','realizada','16:15:00','17:00:00',NULL,'2025-03-18 19:01:02','2025-04-02 19:40:41'),(849,20,'2025-04-09','pendiente','16:15:00','17:00:00','','2025-03-18 19:01:02','2025-03-18 19:01:02'),(850,20,'2025-04-16','pendiente','16:15:00','17:00:00','','2025-03-18 19:01:02','2025-03-18 19:01:02'),(851,20,'2025-04-23','pendiente','16:15:00','17:00:00','','2025-03-18 19:01:02','2025-03-18 19:01:02'),(852,20,'2025-04-30','pendiente','16:15:00','17:00:00','','2025-03-18 19:01:02','2025-03-18 19:01:02'),(853,20,'2025-05-07','pendiente','16:15:00','17:00:00','','2025-03-18 19:01:03','2025-03-18 19:01:03'),(854,20,'2025-05-14','pendiente','16:15:00','17:00:00','','2025-03-18 19:01:03','2025-03-18 19:01:03'),(855,20,'2025-05-21','pendiente','16:15:00','17:00:00','','2025-03-18 19:01:03','2025-03-18 19:01:03'),(856,20,'2025-05-28','pendiente','16:15:00','17:00:00','','2025-03-18 19:01:03','2025-03-18 19:01:03'),(857,20,'2025-06-04','pendiente','16:15:00','17:00:00','','2025-03-18 19:01:03','2025-03-18 19:01:03'),(858,20,'2025-06-11','pendiente','16:15:00','17:00:00','','2025-03-18 19:01:03','2025-03-18 19:01:03'),(859,20,'2025-06-18','pendiente','16:15:00','17:00:00','','2025-03-18 19:01:03','2025-03-18 19:01:03'),(860,20,'2025-06-25','pendiente','16:15:00','17:00:00','','2025-03-18 19:01:03','2025-03-18 19:01:03'),(861,20,'2025-07-02','pendiente','16:15:00','17:00:00','','2025-03-18 19:01:03','2025-03-18 19:01:03'),(862,20,'2025-07-09','pendiente','16:15:00','17:00:00','','2025-03-18 19:01:03','2025-03-18 19:01:03'),(863,20,'2025-07-16','pendiente','16:15:00','17:00:00','','2025-03-18 19:01:04','2025-03-18 19:01:04'),(864,20,'2025-07-23','pendiente','16:15:00','17:00:00','','2025-03-18 19:01:04','2025-03-18 19:01:04'),(865,20,'2025-07-30','pendiente','16:15:00','17:00:00','','2025-03-18 19:01:04','2025-03-18 19:01:04'),(866,20,'2025-08-06','pendiente','16:15:00','17:00:00','','2025-03-18 19:01:04','2025-03-18 19:01:04'),(867,20,'2025-08-13','pendiente','16:15:00','17:00:00','','2025-03-18 19:01:04','2025-03-18 19:01:04'),(868,20,'2025-08-20','pendiente','16:15:00','17:00:00','','2025-03-18 19:01:04','2025-03-18 19:01:04'),(869,20,'2025-08-27','pendiente','16:15:00','17:00:00','','2025-03-18 19:01:04','2025-03-18 19:01:04'),(870,20,'2025-09-03','pendiente','16:15:00','17:00:00','','2025-03-18 19:01:04','2025-03-18 19:01:04'),(871,20,'2025-09-10','pendiente','16:15:00','17:00:00','','2025-03-18 19:01:05','2025-03-18 19:01:05'),(872,20,'2025-09-17','pendiente','16:15:00','17:00:00','','2025-03-18 19:01:05','2025-03-18 19:01:05'),(873,20,'2025-09-24','pendiente','16:15:00','17:00:00','','2025-03-18 19:01:05','2025-03-18 19:01:05'),(874,20,'2025-10-01','pendiente','16:15:00','17:00:00','','2025-03-18 19:01:05','2025-03-18 19:01:05'),(875,20,'2025-10-08','pendiente','16:15:00','17:00:00','','2025-03-18 19:01:05','2025-03-18 19:01:05'),(876,20,'2025-10-15','pendiente','16:15:00','17:00:00','','2025-03-18 19:01:05','2025-03-18 19:01:05'),(877,20,'2025-10-22','pendiente','16:15:00','17:00:00','','2025-03-18 19:01:05','2025-03-18 19:01:05'),(878,20,'2025-10-29','pendiente','16:15:00','17:00:00','','2025-03-18 19:01:05','2025-03-18 19:01:05'),(879,20,'2025-11-05','pendiente','16:15:00','17:00:00','','2025-03-18 19:01:06','2025-03-18 19:01:06'),(880,20,'2025-11-12','pendiente','16:15:00','17:00:00','','2025-03-18 19:01:06','2025-03-18 19:01:06'),(881,20,'2025-11-19','pendiente','16:15:00','17:00:00','','2025-03-18 19:01:06','2025-03-18 19:01:06'),(882,20,'2025-11-26','pendiente','16:15:00','17:00:00','','2025-03-18 19:01:06','2025-03-18 19:01:06'),(883,20,'2025-12-03','pendiente','16:15:00','17:00:00','','2025-03-18 19:01:06','2025-03-18 19:01:06'),(884,20,'2025-12-10','pendiente','16:15:00','17:00:00','','2025-03-18 19:01:06','2025-03-18 19:01:06'),(885,20,'2025-12-17','pendiente','16:15:00','17:00:00','','2025-03-18 19:01:06','2025-03-18 19:01:06'),(886,20,'2025-12-24','pendiente','16:15:00','17:00:00','','2025-03-18 19:01:06','2025-03-18 19:01:06'),(887,20,'2025-12-31','pendiente','16:15:00','17:00:00','','2025-03-18 19:01:06','2025-03-18 19:01:06'),(888,21,'2025-03-05','cancelada','17:15:00','18:00:00',NULL,'2025-03-18 19:05:25','2025-03-18 20:01:15'),(889,21,'2025-03-12','realizada','17:15:00','18:00:00',NULL,'2025-03-18 19:05:25','2025-03-18 20:05:23'),(890,21,'2025-03-19','realizada','17:15:00','18:00:00',NULL,'2025-03-18 19:05:25','2025-03-19 20:18:43'),(891,21,'2025-03-26','realizada','17:15:00','18:00:00',NULL,'2025-03-18 19:05:25','2025-03-26 20:25:44'),(892,21,'2025-04-02','realizada','17:15:00','18:00:00',NULL,'2025-03-18 19:05:25','2025-04-02 19:40:52'),(893,21,'2025-04-09','pendiente','17:15:00','18:00:00','','2025-03-18 19:05:25','2025-03-18 19:05:25'),(894,21,'2025-04-16','pendiente','17:15:00','18:00:00','','2025-03-18 19:05:25','2025-03-18 19:05:25'),(895,21,'2025-04-23','pendiente','17:15:00','18:00:00','','2025-03-18 19:05:25','2025-03-18 19:05:25'),(896,21,'2025-04-30','pendiente','17:15:00','18:00:00','','2025-03-18 19:05:26','2025-03-18 19:05:26'),(897,21,'2025-05-07','pendiente','17:15:00','18:00:00','','2025-03-18 19:05:26','2025-03-18 19:05:26'),(898,21,'2025-05-14','pendiente','17:15:00','18:00:00','','2025-03-18 19:05:26','2025-03-18 19:05:26'),(899,21,'2025-05-21','pendiente','17:15:00','18:00:00','','2025-03-18 19:05:26','2025-03-18 19:05:26'),(900,21,'2025-05-28','pendiente','17:15:00','18:00:00','','2025-03-18 19:05:26','2025-03-18 19:05:26'),(901,21,'2025-06-04','pendiente','17:15:00','18:00:00','','2025-03-18 19:05:26','2025-03-18 19:05:26'),(902,21,'2025-06-11','pendiente','17:15:00','18:00:00','','2025-03-18 19:05:26','2025-03-18 19:05:26'),(903,21,'2025-06-18','pendiente','17:15:00','18:00:00','','2025-03-18 19:05:26','2025-03-18 19:05:26'),(904,21,'2025-06-25','pendiente','17:15:00','18:00:00','','2025-03-18 19:05:26','2025-03-18 19:05:26'),(905,21,'2025-07-02','pendiente','17:15:00','18:00:00','','2025-03-18 19:05:26','2025-03-18 19:05:26'),(906,21,'2025-07-09','pendiente','17:15:00','18:00:00','','2025-03-18 19:05:27','2025-03-18 19:05:27'),(907,21,'2025-07-16','pendiente','17:15:00','18:00:00','','2025-03-18 19:05:27','2025-03-18 19:05:27'),(908,21,'2025-07-23','pendiente','17:15:00','18:00:00','','2025-03-18 19:05:27','2025-03-18 19:05:27'),(909,21,'2025-07-30','pendiente','17:15:00','18:00:00','','2025-03-18 19:05:27','2025-03-18 19:05:27'),(910,21,'2025-08-06','pendiente','17:15:00','18:00:00','','2025-03-18 19:05:27','2025-03-18 19:05:27'),(911,21,'2025-08-13','pendiente','17:15:00','18:00:00','','2025-03-18 19:05:27','2025-03-18 19:05:27'),(912,21,'2025-08-20','pendiente','17:15:00','18:00:00','','2025-03-18 19:05:27','2025-03-18 19:05:27'),(913,21,'2025-08-27','pendiente','17:15:00','18:00:00','','2025-03-18 19:05:27','2025-03-18 19:05:27'),(914,21,'2025-09-03','pendiente','17:15:00','18:00:00','','2025-03-18 19:05:28','2025-03-18 19:05:28'),(915,21,'2025-09-10','pendiente','17:15:00','18:00:00','','2025-03-18 19:05:28','2025-03-18 19:05:28'),(916,21,'2025-09-17','pendiente','17:15:00','18:00:00','','2025-03-18 19:05:28','2025-03-18 19:05:28'),(917,21,'2025-09-24','pendiente','17:15:00','18:00:00','','2025-03-18 19:05:28','2025-03-18 19:05:28'),(918,21,'2025-10-01','pendiente','17:15:00','18:00:00','','2025-03-18 19:05:28','2025-03-18 19:05:28'),(919,21,'2025-10-08','pendiente','17:15:00','18:00:00','','2025-03-18 19:05:28','2025-03-18 19:05:28'),(920,21,'2025-10-15','pendiente','17:15:00','18:00:00','','2025-03-18 19:05:28','2025-03-18 19:05:28'),(921,21,'2025-10-22','pendiente','17:15:00','18:00:00','','2025-03-18 19:05:28','2025-03-18 19:05:28'),(922,21,'2025-10-29','pendiente','17:15:00','18:00:00','','2025-03-18 19:05:28','2025-03-18 19:05:28'),(923,21,'2025-11-05','pendiente','17:15:00','18:00:00','','2025-03-18 19:05:28','2025-03-18 19:05:28'),(924,21,'2025-11-12','pendiente','17:15:00','18:00:00','','2025-03-18 19:05:29','2025-03-18 19:05:29'),(925,21,'2025-11-19','pendiente','17:15:00','18:00:00','','2025-03-18 19:05:29','2025-03-18 19:05:29'),(926,21,'2025-11-26','pendiente','17:15:00','18:00:00','','2025-03-18 19:05:29','2025-03-18 19:05:29'),(927,21,'2025-12-03','pendiente','17:15:00','18:00:00','','2025-03-18 19:05:29','2025-03-18 19:05:29'),(928,21,'2025-12-10','pendiente','17:15:00','18:00:00','','2025-03-18 19:05:29','2025-03-18 19:05:29'),(929,21,'2025-12-17','pendiente','17:15:00','18:00:00','','2025-03-18 19:05:29','2025-03-18 19:05:29'),(930,21,'2025-12-24','pendiente','17:15:00','18:00:00','','2025-03-18 19:05:29','2025-03-18 19:05:29'),(931,21,'2025-12-31','pendiente','17:15:00','18:00:00','','2025-03-18 19:05:29','2025-03-18 19:05:29'),(932,22,'2025-03-06','cancelada','10:30:00','11:15:00',NULL,'2025-03-18 19:11:34','2025-03-18 20:01:38'),(933,22,'2025-03-13','cancelada','10:30:00','11:15:00',NULL,'2025-03-18 19:11:34','2025-03-18 20:06:06'),(934,22,'2025-03-20','realizada','10:30:00','11:15:00',NULL,'2025-03-18 19:11:34','2025-03-20 16:33:45'),(935,22,'2025-03-27','realizada','10:30:00','11:15:00',NULL,'2025-03-18 19:11:34','2025-03-27 14:52:34'),(936,22,'2025-04-03','realizada','10:30:00','11:15:00',NULL,'2025-03-18 19:11:34','2025-04-03 15:25:46'),(937,22,'2025-04-10','pendiente','10:30:00','11:15:00','','2025-03-18 19:11:35','2025-03-18 19:11:35'),(938,22,'2025-04-17','pendiente','10:30:00','11:15:00','','2025-03-18 19:11:35','2025-03-18 19:11:35'),(939,22,'2025-04-24','pendiente','10:30:00','11:15:00','','2025-03-18 19:11:35','2025-03-18 19:11:35'),(940,22,'2025-05-01','pendiente','10:30:00','11:15:00','','2025-03-18 19:11:35','2025-03-18 19:11:35'),(941,22,'2025-05-08','pendiente','10:30:00','11:15:00','','2025-03-18 19:11:35','2025-03-18 19:11:35'),(942,22,'2025-05-15','pendiente','10:30:00','11:15:00','','2025-03-18 19:11:35','2025-03-18 19:11:35'),(943,22,'2025-05-22','pendiente','10:30:00','11:15:00','','2025-03-18 19:11:35','2025-03-18 19:11:35'),(944,22,'2025-05-29','pendiente','10:30:00','11:15:00','','2025-03-18 19:11:35','2025-03-18 19:11:35'),(945,22,'2025-06-05','pendiente','10:30:00','11:15:00','','2025-03-18 19:11:35','2025-03-18 19:11:35'),(946,22,'2025-06-12','pendiente','10:30:00','11:15:00','','2025-03-18 19:11:35','2025-03-18 19:11:35'),(947,22,'2025-06-19','pendiente','10:30:00','11:15:00','','2025-03-18 19:11:36','2025-03-18 19:11:36'),(948,22,'2025-06-26','pendiente','10:30:00','11:15:00','','2025-03-18 19:11:36','2025-03-18 19:11:36'),(949,22,'2025-07-03','pendiente','10:30:00','11:15:00','','2025-03-18 19:11:36','2025-03-18 19:11:36'),(950,22,'2025-07-10','pendiente','10:30:00','11:15:00','','2025-03-18 19:11:36','2025-03-18 19:11:36'),(951,22,'2025-07-17','pendiente','10:30:00','11:15:00','','2025-03-18 19:11:36','2025-03-18 19:11:36'),(952,22,'2025-07-24','pendiente','10:30:00','11:15:00','','2025-03-18 19:11:36','2025-03-18 19:11:36'),(953,22,'2025-07-31','pendiente','10:30:00','11:15:00','','2025-03-18 19:11:36','2025-03-18 19:11:36'),(954,22,'2025-08-07','pendiente','10:30:00','11:15:00','','2025-03-18 19:11:36','2025-03-18 19:11:36'),(955,22,'2025-08-14','pendiente','10:30:00','11:15:00','','2025-03-18 19:11:36','2025-03-18 19:11:36'),(956,22,'2025-08-21','pendiente','10:30:00','11:15:00','','2025-03-18 19:11:36','2025-03-18 19:11:36'),(957,22,'2025-08-28','pendiente','10:30:00','11:15:00','','2025-03-18 19:11:37','2025-03-18 19:11:37'),(958,22,'2025-09-04','pendiente','10:30:00','11:15:00','','2025-03-18 19:11:37','2025-03-18 19:11:37'),(959,22,'2025-09-11','pendiente','10:30:00','11:15:00','','2025-03-18 19:11:37','2025-03-18 19:11:37'),(960,22,'2025-09-18','pendiente','10:30:00','11:15:00','','2025-03-18 19:11:37','2025-03-18 19:11:37'),(961,22,'2025-09-25','pendiente','10:30:00','11:15:00','','2025-03-18 19:11:37','2025-03-18 19:11:37'),(962,22,'2025-10-02','pendiente','10:30:00','11:15:00','','2025-03-18 19:11:37','2025-03-18 19:11:37'),(963,22,'2025-10-09','pendiente','10:30:00','11:15:00','','2025-03-18 19:11:37','2025-03-18 19:11:37'),(964,22,'2025-10-16','pendiente','10:30:00','11:15:00','','2025-03-18 19:11:37','2025-03-18 19:11:37'),(965,22,'2025-10-23','pendiente','10:30:00','11:15:00','','2025-03-18 19:11:38','2025-03-18 19:11:38'),(966,22,'2025-10-30','pendiente','10:30:00','11:15:00','','2025-03-18 19:11:38','2025-03-18 19:11:38'),(967,22,'2025-11-06','pendiente','10:30:00','11:15:00','','2025-03-18 19:11:38','2025-03-18 19:11:38'),(968,22,'2025-11-13','pendiente','10:30:00','11:15:00','','2025-03-18 19:11:38','2025-03-18 19:11:38'),(969,22,'2025-11-20','pendiente','10:30:00','11:15:00','','2025-03-18 19:11:38','2025-03-18 19:11:38'),(970,22,'2025-11-27','pendiente','10:30:00','11:15:00','','2025-03-18 19:11:38','2025-03-18 19:11:38'),(971,22,'2025-12-04','pendiente','10:30:00','11:15:00','','2025-03-18 19:11:38','2025-03-18 19:11:38'),(972,22,'2025-12-11','pendiente','10:30:00','11:15:00','','2025-03-18 19:11:38','2025-03-18 19:11:38'),(973,22,'2025-12-18','pendiente','10:30:00','11:15:00','','2025-03-18 19:11:38','2025-03-18 19:11:38'),(974,22,'2025-12-25','pendiente','10:30:00','11:15:00','','2025-03-18 19:11:38','2025-03-18 19:11:38'),(975,23,'2025-03-06','cancelada','15:15:00','16:00:00',NULL,'2025-03-18 19:27:15','2025-03-18 20:01:52'),(976,23,'2025-03-13','realizada','15:15:00','16:00:00',NULL,'2025-03-18 19:27:15','2025-03-18 20:06:25'),(977,23,'2025-03-20','realizada','15:15:00','16:00:00',NULL,'2025-03-18 19:27:15','2025-03-20 22:09:53'),(978,23,'2025-03-27','realizada','15:15:00','16:00:00',NULL,'2025-03-18 19:27:15','2025-04-02 18:11:46'),(979,23,'2025-04-03','realizada','15:15:00','16:00:00',NULL,'2025-03-18 19:27:15','2025-04-03 15:26:18'),(980,23,'2025-04-10','pendiente','15:15:00','16:00:00','','2025-03-18 19:27:15','2025-03-18 19:27:15'),(981,23,'2025-04-17','pendiente','15:15:00','16:00:00','','2025-03-18 19:27:15','2025-03-18 19:27:15'),(982,23,'2025-04-24','pendiente','15:15:00','16:00:00','','2025-03-18 19:27:15','2025-03-18 19:27:15'),(983,23,'2025-05-01','pendiente','15:15:00','16:00:00','','2025-03-18 19:27:15','2025-03-18 19:27:15'),(984,23,'2025-05-08','pendiente','15:15:00','16:00:00','','2025-03-18 19:27:16','2025-03-18 19:27:16'),(985,23,'2025-05-15','pendiente','15:15:00','16:00:00','','2025-03-18 19:27:16','2025-03-18 19:27:16'),(986,23,'2025-05-22','pendiente','15:15:00','16:00:00','','2025-03-18 19:27:16','2025-03-18 19:27:16'),(987,23,'2025-05-29','pendiente','15:15:00','16:00:00','','2025-03-18 19:27:16','2025-03-18 19:27:16'),(988,23,'2025-06-05','pendiente','15:15:00','16:00:00','','2025-03-18 19:27:16','2025-03-18 19:27:16'),(989,23,'2025-06-12','pendiente','15:15:00','16:00:00','','2025-03-18 19:27:16','2025-03-18 19:27:16'),(990,23,'2025-06-19','pendiente','15:15:00','16:00:00','','2025-03-18 19:27:16','2025-03-18 19:27:16'),(991,23,'2025-06-26','pendiente','15:15:00','16:00:00','','2025-03-18 19:27:16','2025-03-18 19:27:16'),(992,23,'2025-07-03','pendiente','15:15:00','16:00:00','','2025-03-18 19:27:16','2025-03-18 19:27:16'),(993,23,'2025-07-10','pendiente','15:15:00','16:00:00','','2025-03-18 19:27:16','2025-03-18 19:27:16'),(994,23,'2025-07-17','pendiente','15:15:00','16:00:00','','2025-03-18 19:27:17','2025-03-18 19:27:17'),(995,23,'2025-07-24','pendiente','15:15:00','16:00:00','','2025-03-18 19:27:17','2025-03-18 19:27:17'),(996,23,'2025-07-31','pendiente','15:15:00','16:00:00','','2025-03-18 19:27:17','2025-03-18 19:27:17'),(997,23,'2025-08-07','pendiente','15:15:00','16:00:00','','2025-03-18 19:27:17','2025-03-18 19:27:17'),(998,23,'2025-08-14','pendiente','15:15:00','16:00:00','','2025-03-18 19:27:17','2025-03-18 19:27:17'),(999,23,'2025-08-21','pendiente','15:15:00','16:00:00','','2025-03-18 19:27:17','2025-03-18 19:27:17'),(1000,23,'2025-08-28','pendiente','15:15:00','16:00:00','','2025-03-18 19:27:17','2025-03-18 19:27:17'),(1001,23,'2025-09-04','pendiente','15:15:00','16:00:00','','2025-03-18 19:27:17','2025-03-18 19:27:17'),(1002,23,'2025-09-11','pendiente','15:15:00','16:00:00','','2025-03-18 19:27:17','2025-03-18 19:27:17'),(1003,23,'2025-09-18','pendiente','15:15:00','16:00:00','','2025-03-18 19:27:17','2025-03-18 19:27:17'),(1004,23,'2025-09-25','pendiente','15:15:00','16:00:00','','2025-03-18 19:27:18','2025-03-18 19:27:18'),(1005,23,'2025-10-02','pendiente','15:15:00','16:00:00','','2025-03-18 19:27:18','2025-03-18 19:27:18'),(1006,23,'2025-10-09','pendiente','15:15:00','16:00:00','','2025-03-18 19:27:18','2025-03-18 19:27:18'),(1007,23,'2025-10-16','pendiente','15:15:00','16:00:00','','2025-03-18 19:27:18','2025-03-18 19:27:18'),(1008,23,'2025-10-23','pendiente','15:15:00','16:00:00','','2025-03-18 19:27:18','2025-03-18 19:27:18'),(1009,23,'2025-10-30','pendiente','15:15:00','16:00:00','','2025-03-18 19:27:18','2025-03-18 19:27:18'),(1010,23,'2025-11-06','pendiente','15:15:00','16:00:00','','2025-03-18 19:27:18','2025-03-18 19:27:18'),(1011,23,'2025-11-13','pendiente','15:15:00','16:00:00','','2025-03-18 19:27:18','2025-03-18 19:27:18'),(1012,23,'2025-11-20','pendiente','15:15:00','16:00:00','','2025-03-18 19:27:18','2025-03-18 19:27:18'),(1013,23,'2025-11-27','pendiente','15:15:00','16:00:00','','2025-03-18 19:27:19','2025-03-18 19:27:19'),(1014,23,'2025-12-04','pendiente','15:15:00','16:00:00','','2025-03-18 19:27:19','2025-03-18 19:27:19'),(1015,23,'2025-12-11','pendiente','15:15:00','16:00:00','','2025-03-18 19:27:19','2025-03-18 19:27:19'),(1016,23,'2025-12-18','pendiente','15:15:00','16:00:00','','2025-03-18 19:27:19','2025-03-18 19:27:19'),(1017,23,'2025-12-25','pendiente','15:15:00','16:00:00','','2025-03-18 19:27:19','2025-03-18 19:27:19'),(1018,24,'2025-03-04','cancelada','15:30:00','16:15:00',NULL,'2025-03-18 19:29:12','2025-03-18 20:00:17'),(1019,24,'2025-03-11','cancelada','15:30:00','16:15:00',NULL,'2025-03-18 19:29:12','2025-03-18 20:03:47'),(1020,24,'2025-03-18','cancelada','15:30:00','16:15:00',NULL,'2025-03-18 19:29:12','2025-03-18 20:08:11'),(1021,24,'2025-03-25','realizada','15:30:00','16:15:00',NULL,'2025-03-18 19:29:13','2025-03-25 21:31:49'),(1022,24,'2025-04-01','cancelada','15:30:00','16:15:00',NULL,'2025-03-18 19:29:13','2025-04-02 11:08:26'),(1023,24,'2025-04-08','pendiente','15:30:00','16:15:00','','2025-03-18 19:29:13','2025-03-18 19:29:13'),(1024,24,'2025-04-15','pendiente','15:30:00','16:15:00','','2025-03-18 19:29:13','2025-03-18 19:29:13'),(1025,24,'2025-04-22','pendiente','15:30:00','16:15:00','','2025-03-18 19:29:13','2025-03-18 19:29:13'),(1026,24,'2025-04-29','pendiente','15:30:00','16:15:00','','2025-03-18 19:29:13','2025-03-18 19:29:13'),(1027,24,'2025-05-06','pendiente','15:30:00','16:15:00','','2025-03-18 19:29:13','2025-03-18 19:29:13'),(1028,24,'2025-05-13','pendiente','15:30:00','16:15:00','','2025-03-18 19:29:14','2025-03-18 19:29:14'),(1029,24,'2025-05-20','pendiente','15:30:00','16:15:00','','2025-03-18 19:29:14','2025-03-18 19:29:14'),(1030,24,'2025-05-27','pendiente','15:30:00','16:15:00','','2025-03-18 19:29:14','2025-03-18 19:29:14'),(1031,24,'2025-06-03','pendiente','15:30:00','16:15:00','','2025-03-18 19:29:14','2025-03-18 19:29:14'),(1032,24,'2025-06-10','pendiente','15:30:00','16:15:00','','2025-03-18 19:29:14','2025-03-18 19:29:14'),(1033,24,'2025-06-17','pendiente','15:30:00','16:15:00','','2025-03-18 19:29:14','2025-03-18 19:29:14'),(1034,24,'2025-06-24','pendiente','15:30:00','16:15:00','','2025-03-18 19:29:14','2025-03-18 19:29:14'),(1035,24,'2025-07-01','pendiente','15:30:00','16:15:00','','2025-03-18 19:29:14','2025-03-18 19:29:14'),(1036,24,'2025-07-08','pendiente','15:30:00','16:15:00','','2025-03-18 19:29:14','2025-03-18 19:29:14'),(1037,24,'2025-07-15','pendiente','15:30:00','16:15:00','','2025-03-18 19:29:15','2025-03-18 19:29:15'),(1038,24,'2025-07-22','pendiente','15:30:00','16:15:00','','2025-03-18 19:29:15','2025-03-18 19:29:15'),(1039,24,'2025-07-29','pendiente','15:30:00','16:15:00','','2025-03-18 19:29:15','2025-03-18 19:29:15'),(1040,24,'2025-08-05','pendiente','15:30:00','16:15:00','','2025-03-18 19:29:15','2025-03-18 19:29:15'),(1041,24,'2025-08-12','pendiente','15:30:00','16:15:00','','2025-03-18 19:29:15','2025-03-18 19:29:15'),(1042,24,'2025-08-19','pendiente','15:30:00','16:15:00','','2025-03-18 19:29:15','2025-03-18 19:29:15'),(1043,24,'2025-08-26','pendiente','15:30:00','16:15:00','','2025-03-18 19:29:15','2025-03-18 19:29:15'),(1044,24,'2025-09-02','pendiente','15:30:00','16:15:00','','2025-03-18 19:29:15','2025-03-18 19:29:15'),(1045,24,'2025-09-09','pendiente','15:30:00','16:15:00','','2025-03-18 19:29:15','2025-03-18 19:29:15'),(1046,24,'2025-09-16','pendiente','15:30:00','16:15:00','','2025-03-18 19:29:15','2025-03-18 19:29:15'),(1047,24,'2025-09-23','pendiente','15:30:00','16:15:00','','2025-03-18 19:29:16','2025-03-18 19:29:16'),(1048,24,'2025-09-30','pendiente','15:30:00','16:15:00','','2025-03-18 19:29:16','2025-03-18 19:29:16'),(1049,24,'2025-10-07','pendiente','15:30:00','16:15:00','','2025-03-18 19:29:16','2025-03-18 19:29:16'),(1050,24,'2025-10-14','pendiente','15:30:00','16:15:00','','2025-03-18 19:29:16','2025-03-18 19:29:16'),(1051,24,'2025-10-21','pendiente','15:30:00','16:15:00','','2025-03-18 19:29:16','2025-03-18 19:29:16'),(1052,24,'2025-10-28','pendiente','15:30:00','16:15:00','','2025-03-18 19:29:16','2025-03-18 19:29:16'),(1053,24,'2025-11-04','pendiente','15:30:00','16:15:00','','2025-03-18 19:29:16','2025-03-18 19:29:16'),(1054,24,'2025-11-11','pendiente','15:30:00','16:15:00','','2025-03-18 19:29:16','2025-03-18 19:29:16'),(1055,24,'2025-11-18','pendiente','15:30:00','16:15:00','','2025-03-18 19:29:16','2025-03-18 19:29:16'),(1056,24,'2025-11-25','pendiente','15:30:00','16:15:00','','2025-03-18 19:29:16','2025-03-18 19:29:16'),(1057,24,'2025-12-02','pendiente','15:30:00','16:15:00','','2025-03-18 19:29:17','2025-03-18 19:29:17'),(1058,24,'2025-12-09','pendiente','15:30:00','16:15:00','','2025-03-18 19:29:17','2025-03-18 19:29:17'),(1059,24,'2025-12-16','pendiente','15:30:00','16:15:00','','2025-03-18 19:29:17','2025-03-18 19:29:17'),(1060,24,'2025-12-23','pendiente','15:30:00','16:15:00','','2025-03-18 19:29:17','2025-03-18 19:29:17'),(1061,24,'2025-12-30','pendiente','15:30:00','16:15:00','','2025-03-18 19:29:17','2025-03-18 19:29:17'),(1062,25,'2025-03-05','cancelada','12:30:00','13:15:00',NULL,'2025-03-18 19:36:06','2025-03-18 20:00:54'),(1063,25,'2025-03-12','cancelada','12:30:00','13:15:00',NULL,'2025-03-18 19:36:07','2025-03-18 20:04:48'),(1064,25,'2025-03-19','cancelada','12:30:00','13:15:00',NULL,'2025-03-18 19:36:07','2025-03-19 14:26:48'),(1065,25,'2025-03-26','realizada','12:30:00','13:15:00',NULL,'2025-03-18 19:36:07','2025-03-26 17:00:01'),(1106,26,'2025-03-03','cancelada','14:00:00','15:00:00',NULL,'2025-03-18 19:42:54','2025-03-18 19:59:18'),(1107,26,'2025-03-10','realizada','14:00:00','15:00:00',NULL,'2025-03-18 19:42:54','2025-03-18 20:02:33'),(1108,26,'2025-03-17','realizada','14:00:00','15:00:00',NULL,'2025-03-18 19:42:54','2025-03-18 22:20:08'),(1109,26,'2025-03-24','realizada','14:00:00','15:00:00',NULL,'2025-03-18 19:42:55','2025-03-24 17:15:40'),(1110,26,'2025-03-31','cancelada','14:00:00','15:00:00',NULL,'2025-03-18 19:42:55','2025-03-31 12:26:25'),(1111,26,'2025-04-07','pendiente','14:00:00','15:00:00','','2025-03-18 19:42:55','2025-03-18 19:42:55'),(1112,26,'2025-04-14','pendiente','14:00:00','15:00:00','','2025-03-18 19:42:55','2025-03-18 19:42:55'),(1113,26,'2025-04-21','pendiente','14:00:00','15:00:00','','2025-03-18 19:42:55','2025-03-18 19:42:55'),(1114,26,'2025-04-28','pendiente','14:00:00','15:00:00','','2025-03-18 19:42:55','2025-03-18 19:42:55'),(1115,26,'2025-05-05','pendiente','14:00:00','15:00:00','','2025-03-18 19:42:55','2025-03-18 19:42:55'),(1116,26,'2025-05-12','pendiente','14:00:00','15:00:00','','2025-03-18 19:42:55','2025-03-18 19:42:55'),(1117,26,'2025-05-19','pendiente','14:00:00','15:00:00','','2025-03-18 19:42:55','2025-03-18 19:42:55'),(1118,26,'2025-05-26','pendiente','14:00:00','15:00:00','','2025-03-18 19:42:56','2025-03-18 19:42:56'),(1119,26,'2025-06-02','pendiente','14:00:00','15:00:00','','2025-03-18 19:42:56','2025-03-18 19:42:56'),(1120,26,'2025-06-09','pendiente','14:00:00','15:00:00','','2025-03-18 19:42:56','2025-03-18 19:42:56'),(1121,26,'2025-06-16','pendiente','14:00:00','15:00:00','','2025-03-18 19:42:56','2025-03-18 19:42:56'),(1122,26,'2025-06-23','pendiente','14:00:00','15:00:00','','2025-03-18 19:42:56','2025-03-18 19:42:56'),(1123,26,'2025-06-30','pendiente','14:00:00','15:00:00','','2025-03-18 19:42:56','2025-03-18 19:42:56'),(1124,26,'2025-07-07','pendiente','14:00:00','15:00:00','','2025-03-18 19:42:56','2025-03-18 19:42:56'),(1125,26,'2025-07-14','pendiente','14:00:00','15:00:00','','2025-03-18 19:42:57','2025-03-18 19:42:57'),(1126,26,'2025-07-21','pendiente','14:00:00','15:00:00','','2025-03-18 19:42:57','2025-03-18 19:42:57'),(1127,26,'2025-07-28','pendiente','14:00:00','15:00:00','','2025-03-18 19:42:57','2025-03-18 19:42:57'),(1128,26,'2025-08-04','pendiente','14:00:00','15:00:00','','2025-03-18 19:42:57','2025-03-18 19:42:57'),(1129,26,'2025-08-11','pendiente','14:00:00','15:00:00','','2025-03-18 19:42:57','2025-03-18 19:42:57'),(1130,26,'2025-08-18','pendiente','14:00:00','15:00:00','','2025-03-18 19:42:57','2025-03-18 19:42:57'),(1131,26,'2025-08-25','pendiente','14:00:00','15:00:00','','2025-03-18 19:42:57','2025-03-18 19:42:57'),(1132,26,'2025-09-01','pendiente','14:00:00','15:00:00','','2025-03-18 19:42:57','2025-03-18 19:42:57'),(1133,26,'2025-09-08','pendiente','14:00:00','15:00:00','','2025-03-18 19:42:57','2025-03-18 19:42:57'),(1134,26,'2025-09-15','pendiente','14:00:00','15:00:00','','2025-03-18 19:42:58','2025-03-18 19:42:58'),(1135,26,'2025-09-22','pendiente','14:00:00','15:00:00','','2025-03-18 19:42:58','2025-03-18 19:42:58'),(1136,26,'2025-09-29','pendiente','14:00:00','15:00:00','','2025-03-18 19:42:58','2025-03-18 19:42:58'),(1137,26,'2025-10-06','pendiente','14:00:00','15:00:00','','2025-03-18 19:42:58','2025-03-18 19:42:58'),(1138,26,'2025-10-13','pendiente','14:00:00','15:00:00','','2025-03-18 19:42:58','2025-03-18 19:42:58'),(1139,26,'2025-10-20','pendiente','14:00:00','15:00:00','','2025-03-18 19:42:58','2025-03-18 19:42:58'),(1140,26,'2025-10-27','pendiente','14:00:00','15:00:00','','2025-03-18 19:42:58','2025-03-18 19:42:58'),(1141,26,'2025-11-03','pendiente','14:00:00','15:00:00','','2025-03-18 19:42:58','2025-03-18 19:42:58'),(1142,26,'2025-11-10','pendiente','14:00:00','15:00:00','','2025-03-18 19:42:58','2025-03-18 19:42:58'),(1143,26,'2025-11-17','pendiente','14:00:00','15:00:00','','2025-03-18 19:42:58','2025-03-18 19:42:58'),(1144,26,'2025-11-24','pendiente','14:00:00','15:00:00','','2025-03-18 19:42:59','2025-03-18 19:42:59'),(1145,26,'2025-12-01','pendiente','14:00:00','15:00:00','','2025-03-18 19:42:59','2025-03-18 19:42:59'),(1146,26,'2025-12-08','pendiente','14:00:00','15:00:00','','2025-03-18 19:42:59','2025-03-18 19:42:59'),(1147,26,'2025-12-15','pendiente','14:00:00','15:00:00','','2025-03-18 19:42:59','2025-03-18 19:42:59'),(1148,26,'2025-12-22','pendiente','14:00:00','15:00:00','','2025-03-18 19:42:59','2025-03-18 19:42:59'),(1149,26,'2025-12-29','pendiente','14:00:00','15:00:00','','2025-03-18 19:42:59','2025-03-18 19:42:59'),(1150,27,'2025-03-03','cancelada','14:00:00','15:00:00',NULL,'2025-03-18 19:49:21','2025-03-18 19:59:09'),(1151,27,'2025-03-10','cancelada','14:00:00','15:00:00',NULL,'2025-03-18 19:49:21','2025-03-18 20:02:21'),(1152,27,'2025-03-17','cancelada','14:00:00','15:00:00',NULL,'2025-03-18 19:49:21','2025-03-18 20:06:53'),(1153,27,'2025-03-24','cancelada','14:00:00','15:00:00',NULL,'2025-03-18 19:49:21','2025-03-24 17:15:56'),(1154,27,'2025-03-31','realizada','14:00:00','15:00:00',NULL,'2025-03-18 19:49:21','2025-04-02 11:07:29'),(1155,27,'2025-04-07','pendiente','14:00:00','15:00:00','','2025-03-18 19:49:21','2025-03-18 19:49:21'),(1156,27,'2025-04-14','pendiente','14:00:00','15:00:00','','2025-03-18 19:49:21','2025-03-18 19:49:21'),(1157,27,'2025-04-21','pendiente','14:00:00','15:00:00','','2025-03-18 19:49:21','2025-03-18 19:49:21'),(1158,27,'2025-04-28','pendiente','14:00:00','15:00:00','','2025-03-18 19:49:22','2025-03-18 19:49:22'),(1159,27,'2025-05-05','pendiente','14:00:00','15:00:00','','2025-03-18 19:49:22','2025-03-18 19:49:22'),(1160,27,'2025-05-12','pendiente','14:00:00','15:00:00','','2025-03-18 19:49:22','2025-03-18 19:49:22'),(1161,27,'2025-05-19','pendiente','14:00:00','15:00:00','','2025-03-18 19:49:22','2025-03-18 19:49:22'),(1162,27,'2025-05-26','pendiente','14:00:00','15:00:00','','2025-03-18 19:49:22','2025-03-18 19:49:22'),(1163,27,'2025-06-02','pendiente','14:00:00','15:00:00','','2025-03-18 19:49:22','2025-03-18 19:49:22'),(1164,27,'2025-06-09','pendiente','14:00:00','15:00:00','','2025-03-18 19:49:22','2025-03-18 19:49:22'),(1165,27,'2025-06-16','pendiente','14:00:00','15:00:00','','2025-03-18 19:49:22','2025-03-18 19:49:22'),(1166,27,'2025-06-23','pendiente','14:00:00','15:00:00','','2025-03-18 19:49:22','2025-03-18 19:49:22'),(1167,27,'2025-06-30','pendiente','14:00:00','15:00:00','','2025-03-18 19:49:22','2025-03-18 19:49:22'),(1168,27,'2025-07-07','pendiente','14:00:00','15:00:00','','2025-03-18 19:49:22','2025-03-18 19:49:22'),(1169,27,'2025-07-14','pendiente','14:00:00','15:00:00','','2025-03-18 19:49:23','2025-03-18 19:49:23'),(1170,27,'2025-07-21','pendiente','14:00:00','15:00:00','','2025-03-18 19:49:23','2025-03-18 19:49:23'),(1171,27,'2025-07-28','pendiente','14:00:00','15:00:00','','2025-03-18 19:49:23','2025-03-18 19:49:23'),(1172,27,'2025-08-04','pendiente','14:00:00','15:00:00','','2025-03-18 19:49:23','2025-03-18 19:49:23'),(1173,27,'2025-08-11','pendiente','14:00:00','15:00:00','','2025-03-18 19:49:23','2025-03-18 19:49:23'),(1174,27,'2025-08-18','pendiente','14:00:00','15:00:00','','2025-03-18 19:49:23','2025-03-18 19:49:23'),(1175,27,'2025-08-25','pendiente','14:00:00','15:00:00','','2025-03-18 19:49:23','2025-03-18 19:49:23'),(1176,27,'2025-09-01','pendiente','14:00:00','15:00:00','','2025-03-18 19:49:23','2025-03-18 19:49:23'),(1177,27,'2025-09-08','pendiente','14:00:00','15:00:00','','2025-03-18 19:49:23','2025-03-18 19:49:23'),(1178,27,'2025-09-15','pendiente','14:00:00','15:00:00','','2025-03-18 19:49:24','2025-03-18 19:49:24'),(1179,27,'2025-09-22','pendiente','14:00:00','15:00:00','','2025-03-18 19:49:24','2025-03-18 19:49:24'),(1180,27,'2025-09-29','pendiente','14:00:00','15:00:00','','2025-03-18 19:49:24','2025-03-18 19:49:24'),(1181,27,'2025-10-06','pendiente','14:00:00','15:00:00','','2025-03-18 19:49:24','2025-03-18 19:49:24'),(1182,27,'2025-10-13','pendiente','14:00:00','15:00:00','','2025-03-18 19:49:24','2025-03-18 19:49:24'),(1183,27,'2025-10-20','pendiente','14:00:00','15:00:00','','2025-03-18 19:49:24','2025-03-18 19:49:24'),(1184,27,'2025-10-27','pendiente','14:00:00','15:00:00','','2025-03-18 19:49:24','2025-03-18 19:49:24'),(1185,27,'2025-11-03','pendiente','14:00:00','15:00:00','','2025-03-18 19:49:24','2025-03-18 19:49:24'),(1186,27,'2025-11-10','pendiente','14:00:00','15:00:00','','2025-03-18 19:49:24','2025-03-18 19:49:24'),(1187,27,'2025-11-17','pendiente','14:00:00','15:00:00','','2025-03-18 19:49:25','2025-03-18 19:49:25'),(1188,27,'2025-11-24','pendiente','14:00:00','15:00:00','','2025-03-18 19:49:25','2025-03-18 19:49:25'),(1189,27,'2025-12-01','pendiente','14:00:00','15:00:00','','2025-03-18 19:49:25','2025-03-18 19:49:25'),(1190,27,'2025-12-08','pendiente','14:00:00','15:00:00','','2025-03-18 19:49:25','2025-03-18 19:49:25'),(1191,27,'2025-12-15','pendiente','14:00:00','15:00:00','','2025-03-18 19:49:25','2025-03-18 19:49:25'),(1192,27,'2025-12-22','pendiente','14:00:00','15:00:00','','2025-03-18 19:49:25','2025-03-18 19:49:25'),(1193,27,'2025-12-29','pendiente','14:00:00','15:00:00','','2025-03-18 19:49:25','2025-03-18 19:49:25'),(1194,28,'2025-03-04','cancelada','18:00:00','18:45:00',NULL,'2025-03-20 15:23:16','2025-03-20 15:23:32'),(1195,28,'2025-03-11','cancelada','18:00:00','18:45:00',NULL,'2025-03-20 15:23:16','2025-03-20 15:23:40'),(1196,28,'2025-03-18','cancelada','18:00:00','18:45:00',NULL,'2025-03-20 15:23:16','2025-03-20 22:11:40'),(1197,28,'2025-03-25','cancelada','18:00:00','18:45:00',NULL,'2025-03-20 15:23:16','2025-03-20 22:12:03'),(1198,28,'2025-04-01','cancelada','18:00:00','18:45:00',NULL,'2025-03-20 15:23:16','2025-04-02 11:08:41'),(1199,28,'2025-04-08','pendiente','18:00:00','18:45:00','','2025-03-20 15:23:16','2025-03-20 15:23:16'),(1200,28,'2025-04-15','pendiente','18:00:00','18:45:00','','2025-03-20 15:23:17','2025-03-20 15:23:17'),(1201,28,'2025-04-22','pendiente','18:00:00','18:45:00','','2025-03-20 15:23:17','2025-03-20 15:23:17'),(1202,28,'2025-04-29','pendiente','18:00:00','18:45:00','','2025-03-20 15:23:17','2025-03-20 15:23:17'),(1203,28,'2025-05-06','pendiente','18:00:00','18:45:00','','2025-03-20 15:23:17','2025-03-20 15:23:17'),(1204,28,'2025-05-13','pendiente','18:00:00','18:45:00','','2025-03-20 15:23:18','2025-03-20 15:23:18'),(1205,28,'2025-05-20','pendiente','18:00:00','18:45:00','','2025-03-20 15:23:18','2025-03-20 15:23:18'),(1206,28,'2025-05-27','pendiente','18:00:00','18:45:00','','2025-03-20 15:23:18','2025-03-20 15:23:18'),(1207,28,'2025-06-03','pendiente','18:00:00','18:45:00','','2025-03-20 15:23:18','2025-03-20 15:23:18'),(1208,28,'2025-06-10','pendiente','18:00:00','18:45:00','','2025-03-20 15:23:18','2025-03-20 15:23:18'),(1209,28,'2025-06-17','pendiente','18:00:00','18:45:00','','2025-03-20 15:23:18','2025-03-20 15:23:18'),(1210,28,'2025-06-24','pendiente','18:00:00','18:45:00','','2025-03-20 15:23:18','2025-03-20 15:23:18'),(1211,28,'2025-07-01','pendiente','18:00:00','18:45:00','','2025-03-20 15:23:18','2025-03-20 15:23:18'),(1212,28,'2025-07-08','pendiente','18:00:00','18:45:00','','2025-03-20 15:23:19','2025-03-20 15:23:19'),(1213,28,'2025-07-15','pendiente','18:00:00','18:45:00','','2025-03-20 15:23:19','2025-03-20 15:23:19'),(1214,28,'2025-07-22','pendiente','18:00:00','18:45:00','','2025-03-20 15:23:19','2025-03-20 15:23:19'),(1215,28,'2025-07-29','pendiente','18:00:00','18:45:00','','2025-03-20 15:23:19','2025-03-20 15:23:19'),(1216,28,'2025-08-05','pendiente','18:00:00','18:45:00','','2025-03-20 15:23:19','2025-03-20 15:23:19'),(1217,28,'2025-08-12','pendiente','18:00:00','18:45:00','','2025-03-20 15:23:19','2025-03-20 15:23:19'),(1218,28,'2025-08-19','pendiente','18:00:00','18:45:00','','2025-03-20 15:23:19','2025-03-20 15:23:19'),(1219,28,'2025-08-26','pendiente','18:00:00','18:45:00','','2025-03-20 15:23:19','2025-03-20 15:23:19'),(1220,28,'2025-09-02','pendiente','18:00:00','18:45:00','','2025-03-20 15:23:19','2025-03-20 15:23:19'),(1221,28,'2025-09-09','pendiente','18:00:00','18:45:00','','2025-03-20 15:23:19','2025-03-20 15:23:19'),(1222,28,'2025-09-16','pendiente','18:00:00','18:45:00','','2025-03-20 15:23:20','2025-03-20 15:23:20'),(1223,28,'2025-09-23','pendiente','18:00:00','18:45:00','','2025-03-20 15:23:20','2025-03-20 15:23:20'),(1224,28,'2025-09-30','pendiente','18:00:00','18:45:00','','2025-03-20 15:23:20','2025-03-20 15:23:20'),(1225,28,'2025-10-07','pendiente','18:00:00','18:45:00','','2025-03-20 15:23:20','2025-03-20 15:23:20'),(1226,28,'2025-10-14','pendiente','18:00:00','18:45:00','','2025-03-20 15:23:20','2025-03-20 15:23:20'),(1227,28,'2025-10-21','pendiente','18:00:00','18:45:00','','2025-03-20 15:23:20','2025-03-20 15:23:20'),(1228,28,'2025-10-28','pendiente','18:00:00','18:45:00','','2025-03-20 15:23:20','2025-03-20 15:23:20'),(1229,28,'2025-11-04','pendiente','18:00:00','18:45:00','','2025-03-20 15:23:21','2025-03-20 15:23:21'),(1230,28,'2025-11-11','pendiente','18:00:00','18:45:00','','2025-03-20 15:23:21','2025-03-20 15:23:21'),(1231,28,'2025-11-18','pendiente','18:00:00','18:45:00','','2025-03-20 15:23:21','2025-03-20 15:23:21'),(1232,28,'2025-11-25','pendiente','18:00:00','18:45:00','','2025-03-20 15:23:21','2025-03-20 15:23:21'),(1233,28,'2025-12-02','pendiente','18:00:00','18:45:00','','2025-03-20 15:23:21','2025-03-20 15:23:21'),(1234,28,'2025-12-09','pendiente','18:00:00','18:45:00','','2025-03-20 15:23:21','2025-03-20 15:23:21'),(1235,28,'2025-12-16','pendiente','18:00:00','18:45:00','','2025-03-20 15:23:21','2025-03-20 15:23:21'),(1236,28,'2025-12-23','pendiente','18:00:00','18:45:00','','2025-03-20 15:23:21','2025-03-20 15:23:21'),(1237,28,'2025-12-30','pendiente','18:00:00','18:45:00','','2025-03-20 15:23:22','2025-03-20 15:23:22'),(1238,28,'2025-03-20','realizada','18:00:00','18:45:00',NULL,'2025-03-20 22:11:28','2025-03-20 22:11:50'),(1283,25,'2025-03-31','realizada','11:30:00','12:15:00',NULL,'2025-03-31 13:30:49','2025-04-02 11:07:04'),(1284,25,'2025-04-07','pendiente','11:30:00','12:15:00','','2025-03-31 13:30:49','2025-03-31 13:30:49'),(1285,25,'2025-04-14','pendiente','11:30:00','12:15:00','','2025-03-31 13:30:49','2025-03-31 13:30:49'),(1286,25,'2025-04-21','pendiente','11:30:00','12:15:00','','2025-03-31 13:30:49','2025-03-31 13:30:49'),(1287,25,'2025-04-28','pendiente','11:30:00','12:15:00','','2025-03-31 13:30:49','2025-03-31 13:30:49'),(1288,25,'2025-05-05','pendiente','11:30:00','12:15:00','','2025-03-31 13:30:49','2025-03-31 13:30:49'),(1289,25,'2025-05-12','pendiente','11:30:00','12:15:00','','2025-03-31 13:30:49','2025-03-31 13:30:49'),(1290,25,'2025-05-19','pendiente','11:30:00','12:15:00','','2025-03-31 13:30:49','2025-03-31 13:30:49'),(1291,25,'2025-05-26','pendiente','11:30:00','12:15:00','','2025-03-31 13:30:49','2025-03-31 13:30:49'),(1292,25,'2025-06-02','pendiente','11:30:00','12:15:00','','2025-03-31 13:30:49','2025-03-31 13:30:49'),(1293,25,'2025-06-09','pendiente','11:30:00','12:15:00','','2025-03-31 13:30:49','2025-03-31 13:30:49'),(1294,25,'2025-06-16','pendiente','11:30:00','12:15:00','','2025-03-31 13:30:49','2025-03-31 13:30:49'),(1295,25,'2025-06-23','pendiente','11:30:00','12:15:00','','2025-03-31 13:30:49','2025-03-31 13:30:49'),(1296,25,'2025-06-30','pendiente','11:30:00','12:15:00','','2025-03-31 13:30:49','2025-03-31 13:30:49'),(1297,25,'2025-07-07','pendiente','11:30:00','12:15:00','','2025-03-31 13:30:49','2025-03-31 13:30:49'),(1298,25,'2025-07-14','pendiente','11:30:00','12:15:00','','2025-03-31 13:30:49','2025-03-31 13:30:49'),(1299,25,'2025-07-21','pendiente','11:30:00','12:15:00','','2025-03-31 13:30:49','2025-03-31 13:30:49'),(1300,25,'2025-07-28','pendiente','11:30:00','12:15:00','','2025-03-31 13:30:49','2025-03-31 13:30:49'),(1301,25,'2025-08-04','pendiente','11:30:00','12:15:00','','2025-03-31 13:30:49','2025-03-31 13:30:49'),(1302,25,'2025-08-11','pendiente','11:30:00','12:15:00','','2025-03-31 13:30:49','2025-03-31 13:30:49'),(1303,25,'2025-08-18','pendiente','11:30:00','12:15:00','','2025-03-31 13:30:49','2025-03-31 13:30:49'),(1304,25,'2025-08-25','pendiente','11:30:00','12:15:00','','2025-03-31 13:30:49','2025-03-31 13:30:49'),(1305,25,'2025-09-01','pendiente','11:30:00','12:15:00','','2025-03-31 13:30:49','2025-03-31 13:30:49'),(1306,25,'2025-09-08','pendiente','11:30:00','12:15:00','','2025-03-31 13:30:49','2025-03-31 13:30:49'),(1307,25,'2025-09-15','pendiente','11:30:00','12:15:00','','2025-03-31 13:30:49','2025-03-31 13:30:49'),(1308,25,'2025-09-22','pendiente','11:30:00','12:15:00','','2025-03-31 13:30:49','2025-03-31 13:30:49'),(1309,25,'2025-09-29','pendiente','11:30:00','12:15:00','','2025-03-31 13:30:49','2025-03-31 13:30:49'),(1310,25,'2025-10-06','pendiente','11:30:00','12:15:00','','2025-03-31 13:30:49','2025-03-31 13:30:49'),(1311,25,'2025-10-13','pendiente','11:30:00','12:15:00','','2025-03-31 13:30:49','2025-03-31 13:30:49'),(1312,25,'2025-10-20','pendiente','11:30:00','12:15:00','','2025-03-31 13:30:49','2025-03-31 13:30:49'),(1313,25,'2025-10-27','pendiente','11:30:00','12:15:00','','2025-03-31 13:30:49','2025-03-31 13:30:49'),(1314,25,'2025-11-03','pendiente','11:30:00','12:15:00','','2025-03-31 13:30:49','2025-03-31 13:30:49'),(1315,25,'2025-11-10','pendiente','11:30:00','12:15:00','','2025-03-31 13:30:49','2025-03-31 13:30:49'),(1316,25,'2025-11-17','pendiente','11:30:00','12:15:00','','2025-03-31 13:30:49','2025-03-31 13:30:49'),(1317,25,'2025-11-24','pendiente','11:30:00','12:15:00','','2025-03-31 13:30:49','2025-03-31 13:30:49'),(1318,25,'2025-12-01','pendiente','11:30:00','12:15:00','','2025-03-31 13:30:49','2025-03-31 13:30:49'),(1319,25,'2025-12-08','pendiente','11:30:00','12:15:00','','2025-03-31 13:30:49','2025-03-31 13:30:49'),(1320,25,'2025-12-15','pendiente','11:30:00','12:15:00','','2025-03-31 13:30:49','2025-03-31 13:30:49'),(1321,25,'2025-12-22','pendiente','11:30:00','12:15:00','','2025-03-31 13:30:49','2025-03-31 13:30:49'),(1322,25,'2025-12-29','pendiente','11:30:00','12:15:00','','2025-03-31 13:30:49','2025-03-31 13:30:49'),(1350,30,'2025-04-02','cancelada','12:30:00','13:15:00',NULL,'2025-03-31 13:31:47','2025-04-02 11:13:38'),(1351,30,'2025-04-09','pendiente','12:30:00','13:15:00','','2025-03-31 13:31:48','2025-03-31 13:31:48'),(1352,30,'2025-04-16','pendiente','12:30:00','13:15:00','','2025-03-31 13:31:48','2025-03-31 13:31:48'),(1353,30,'2025-04-23','pendiente','12:30:00','13:15:00','','2025-03-31 13:31:48','2025-03-31 13:31:48'),(1354,30,'2025-04-30','pendiente','12:30:00','13:15:00','','2025-03-31 13:31:48','2025-03-31 13:31:48'),(1355,30,'2025-05-07','pendiente','12:30:00','13:15:00','','2025-03-31 13:31:48','2025-03-31 13:31:48'),(1356,30,'2025-05-14','pendiente','12:30:00','13:15:00','','2025-03-31 13:31:48','2025-03-31 13:31:48'),(1357,30,'2025-05-21','pendiente','12:30:00','13:15:00','','2025-03-31 13:31:49','2025-03-31 13:31:49'),(1358,30,'2025-05-28','pendiente','12:30:00','13:15:00','','2025-03-31 13:31:49','2025-03-31 13:31:49'),(1359,30,'2025-06-04','pendiente','12:30:00','13:15:00','','2025-03-31 13:31:49','2025-03-31 13:31:49'),(1360,30,'2025-06-11','pendiente','12:30:00','13:15:00','','2025-03-31 13:31:49','2025-03-31 13:31:49'),(1361,30,'2025-06-18','pendiente','12:30:00','13:15:00','','2025-03-31 13:31:49','2025-03-31 13:31:49'),(1362,30,'2025-06-25','pendiente','12:30:00','13:15:00','','2025-03-31 13:31:49','2025-03-31 13:31:49'),(1363,30,'2025-07-02','pendiente','12:30:00','13:15:00','','2025-03-31 13:31:49','2025-03-31 13:31:49'),(1364,30,'2025-07-09','pendiente','12:30:00','13:15:00','','2025-03-31 13:31:49','2025-03-31 13:31:49'),(1365,30,'2025-07-16','pendiente','12:30:00','13:15:00','','2025-03-31 13:31:49','2025-03-31 13:31:49'),(1366,30,'2025-07-23','pendiente','12:30:00','13:15:00','','2025-03-31 13:31:50','2025-03-31 13:31:50'),(1367,30,'2025-07-30','pendiente','12:30:00','13:15:00','','2025-03-31 13:31:50','2025-03-31 13:31:50'),(1368,30,'2025-08-06','pendiente','12:30:00','13:15:00','','2025-03-31 13:31:50','2025-03-31 13:31:50'),(1369,30,'2025-08-13','pendiente','12:30:00','13:15:00','','2025-03-31 13:31:50','2025-03-31 13:31:50'),(1370,30,'2025-08-20','pendiente','12:30:00','13:15:00','','2025-03-31 13:31:50','2025-03-31 13:31:50'),(1371,30,'2025-08-27','pendiente','12:30:00','13:15:00','','2025-03-31 13:31:50','2025-03-31 13:31:50'),(1372,30,'2025-09-03','pendiente','12:30:00','13:15:00','','2025-03-31 13:31:50','2025-03-31 13:31:50'),(1373,30,'2025-09-10','pendiente','12:30:00','13:15:00','','2025-03-31 13:31:50','2025-03-31 13:31:50'),(1374,30,'2025-09-17','pendiente','12:30:00','13:15:00','','2025-03-31 13:31:50','2025-03-31 13:31:50'),(1375,30,'2025-09-24','pendiente','12:30:00','13:15:00','','2025-03-31 13:31:51','2025-03-31 13:31:51'),(1376,30,'2025-10-01','pendiente','12:30:00','13:15:00','','2025-03-31 13:31:51','2025-03-31 13:31:51'),(1377,30,'2025-10-08','pendiente','12:30:00','13:15:00','','2025-03-31 13:31:51','2025-03-31 13:31:51'),(1378,30,'2025-10-15','pendiente','12:30:00','13:15:00','','2025-03-31 13:31:51','2025-03-31 13:31:51'),(1379,30,'2025-10-22','pendiente','12:30:00','13:15:00','','2025-03-31 13:31:51','2025-03-31 13:31:51'),(1380,30,'2025-10-29','pendiente','12:30:00','13:15:00','','2025-03-31 13:31:51','2025-03-31 13:31:51'),(1381,30,'2025-11-05','pendiente','12:30:00','13:15:00','','2025-03-31 13:31:51','2025-03-31 13:31:51'),(1382,30,'2025-11-12','pendiente','12:30:00','13:15:00','','2025-03-31 13:31:51','2025-03-31 13:31:51'),(1383,30,'2025-11-19','pendiente','12:30:00','13:15:00','','2025-03-31 13:31:51','2025-03-31 13:31:51'),(1384,30,'2025-11-26','pendiente','12:30:00','13:15:00','','2025-03-31 13:31:51','2025-03-31 13:31:51'),(1385,30,'2025-12-03','pendiente','12:30:00','13:15:00','','2025-03-31 13:31:52','2025-03-31 13:31:52'),(1386,30,'2025-12-10','pendiente','12:30:00','13:15:00','','2025-03-31 13:31:52','2025-03-31 13:31:52'),(1387,30,'2025-12-17','pendiente','12:30:00','13:15:00','','2025-03-31 13:31:52','2025-03-31 13:31:52'),(1388,30,'2025-12-24','pendiente','12:30:00','13:15:00','','2025-03-31 13:31:52','2025-03-31 13:31:52'),(1389,30,'2025-12-31','pendiente','12:30:00','13:15:00','','2025-03-31 13:31:52','2025-03-31 13:31:52'),(1390,28,'2025-04-02','realizada','18:15:00','19:00:00',NULL,'2025-04-02 11:09:37','2025-04-02 19:41:05');
/*!40000 ALTER TABLE `EstadosSesiones` ENABLE KEYS */;
UNLOCK TABLES;

--
-- Table structure for table `Paciente_Especialista`
--

DROP TABLE IF EXISTS `Paciente_Especialista`;
/*!40101 SET @saved_cs_client     = @@character_set_client */;
/*!50503 SET character_set_client = utf8mb4 */;
CREATE TABLE `Paciente_Especialista` (
  `id_p_e` int NOT NULL AUTO_INCREMENT,
  `id_paciente` int NOT NULL,
  `id_especialista` int NOT NULL,
  `created_at` timestamp NULL DEFAULT NULL,
  `updated_at` timestamp NULL DEFAULT NULL,
  PRIMARY KEY (`id_p_e`),
  KEY `id_paciente` (`id_paciente`),
  KEY `id_especialista` (`id_especialista`),
  CONSTRAINT `Paciente_Especialista_ibfk_1` FOREIGN KEY (`id_paciente`) REFERENCES `Pacientes` (`id_paciente`) ON DELETE CASCADE,
  CONSTRAINT `Paciente_Especialista_ibfk_2` FOREIGN KEY (`id_especialista`) REFERENCES `Especialistas` (`id_especialista`) ON DELETE CASCADE
) ENGINE=InnoDB DEFAULT CHARSET=utf8mb4 COLLATE=utf8mb4_0900_ai_ci;
/*!40101 SET character_set_client = @saved_cs_client */;

--
-- Dumping data for table `Paciente_Especialista`
--

LOCK TABLES `Paciente_Especialista` WRITE;
/*!40000 ALTER TABLE `Paciente_Especialista` DISABLE KEYS */;
/*!40000 ALTER TABLE `Paciente_Especialista` ENABLE KEYS */;
UNLOCK TABLES;

--
-- Table structure for table `Pacientes`
--

DROP TABLE IF EXISTS `Pacientes`;
/*!40101 SET @saved_cs_client     = @@character_set_client */;
/*!50503 SET character_set_client = utf8mb4 */;
CREATE TABLE `Pacientes` (
  `id_paciente` int NOT NULL AUTO_INCREMENT,
  `nombre` varchar(100) NOT NULL,
  `fecha_nacimiento` date NOT NULL,
  `curso` varchar(50) DEFAULT NULL,
  `colegio` varchar(100) DEFAULT NULL,
  `rut` varchar(20) DEFAULT NULL,
  `sexo` varchar(10) DEFAULT NULL,
  `direccion` varchar(255) DEFAULT NULL,
  `info_adicional` varchar(255) DEFAULT NULL,
  `created_at` timestamp NULL DEFAULT NULL,
  `updated_at` timestamp NULL DEFAULT NULL,
  `id_user` int NOT NULL,
  PRIMARY KEY (`id_paciente`),
  UNIQUE KEY `rut` (`rut`),
  KEY `fk_pacientes_users` (`id_user`),
  CONSTRAINT `fk_pacientes_users` FOREIGN KEY (`id_user`) REFERENCES `users` (`id`)
) ENGINE=InnoDB AUTO_INCREMENT=26 DEFAULT CHARSET=utf8mb4 COLLATE=utf8mb4_0900_ai_ci;
/*!40101 SET character_set_client = @saved_cs_client */;

--
-- Dumping data for table `Pacientes`
--

LOCK TABLES `Pacientes` WRITE;
/*!40000 ALTER TABLE `Pacientes` DISABLE KEYS */;
INSERT INTO `Pacientes` VALUES (1,'Matías Navarrete','2000-12-14','8° Básico','Colegio Santa Cruz','19.890.114-8','Hombre','PARCELA EL ESFUERZO SECTOR LAS CANCHAS','Le gusta jugar lol','2024-12-16 23:22:56','2024-12-16 23:22:56',3),(2,'Rafaela Prado De la Sotta','2014-04-15','4° Básico','San Anselmo','24.598.754-4','Mujer','Avenida Santa María 14860',NULL,'2025-03-07 00:20:21','2025-03-18 22:02:45',4),(4,'Florencia Prochelle','2002-03-27','4° Básico','Colegio Lincon','20.972.810-3','Mujer','PARCELA EL ESFUERZO SECTOR LAS CANCHAS',NULL,'2025-03-11 17:14:03','2025-03-11 17:14:03',3),(5,'Simón Román Portilla','2015-10-30','4° Básico','Santa Cruz','25.137.823-1','Hombre','Combarbalita 10481 La Reserva',NULL,'2025-03-17 13:54:13','2025-03-17 19:32:14',4),(6,'Manuel Besoain Picart','2013-08-26','5° Básico','San Anselmo','10.335.911-3','Hombre','los ingleses 9',NULL,'2025-03-17 13:58:51','2025-03-17 13:58:51',4),(7,'Martín Echeñique González','2012-12-08','6° Básico','San Anselmo','24.137.247-2','Hombre','los ingleses 10',NULL,'2025-03-17 14:05:04','2025-03-17 14:05:04',4),(8,'Jorge Guajardo Lastra','2017-11-27','2° Básico','Thewelas','26.022.239--2','Hombre','Fernando de Carcer Aninat casa Y8',NULL,'2025-03-17 19:30:28','2025-03-17 19:30:28',4),(9,'Diego Morales Samur','2015-07-09','4° Básico','Santa Cruz','10.335.911-2','Hombre','Los Ingleses 8',NULL,'2025-03-17 19:39:02','2025-03-17 19:39:02',4),(12,'León Abogabir','2017-11-02','1° Básico','San Anselmo','10.335.911-4','Hombre','los ingleses 90',NULL,'2025-03-18 17:38:17','2025-03-18 17:38:17',4),(13,'Agustín Allende Yen','2015-09-22','4° Básico','Pucalán','25.124.515-0','Hombre','Santa Elena 659 casa 95',NULL,'2025-03-18 18:32:50','2025-03-18 18:32:50',4),(14,'Colomba Soto Ortiz','2016-12-02','2° Básico','Santa Cruz','10.335.911-0','Mujer','xxxx',NULL,'2025-03-18 18:44:36','2025-03-18 18:44:36',4),(15,'Sofía Duarte Pérez de Arce','2007-09-04','4° Medio','Santa Cruz','10.335.911-6','Mujer','zzzzz',NULL,'2025-03-18 18:47:26','2025-03-18 18:47:26',4),(16,'Ema Pérez Flores','2011-07-04','7° Básico','San Nicolás','10.335.912-3','Mujer','bbbb',NULL,'2025-03-18 18:53:07','2025-03-18 18:53:07',4),(17,'Olivia Stuven Garay','2018-12-06','1° Básico','Thewelas','10.335.978-9','Mujer','qqqqq',NULL,'2025-03-18 18:56:46','2025-03-18 18:56:46',4),(18,'Teo Ebensperger Valdés','2016-09-10','3° Básico','San Anselmo','10.335.899-9','Hombre','wwwww',NULL,'2025-03-18 19:01:01','2025-03-18 19:01:01',4),(19,'Consuelo Briseño Hernández','2016-08-26','3° Básico','San Nicolás','25.489.239-4','Mujer','Santa Elena 509 Condominio La Laguna 8',NULL,'2025-03-18 19:05:24','2025-03-18 19:56:29',4),(20,'Matías Mackenna Balmaceda','2016-09-06','3° Básico','San Anselmo','25.506.218-2','Hombre','Parque Las Garzas 24 Condominio Las Bandadas',NULL,'2025-03-18 19:11:33','2025-03-18 19:11:33',4),(21,'Cristóbal Vicencio Merino','2018-04-25','1° Básico','San Nicolás','15.973.366-1','Hombre','El Remanso de Chicureo 483 Colina',NULL,'2025-03-18 19:27:14','2025-03-18 19:27:14',4),(22,'Lucía Goyena Romero','2009-03-29','2° Medio','San Nicolás','23.468.672-0','Mujer','Los Cisnes 25 Barrios Las Bandadas',NULL,'2025-03-18 19:36:06','2025-03-18 19:44:49',4),(23,'Martín Edwards Hurtado','2010-06-11','8° Básico','San Anselmo','23.346.485-6','Hombre','Camino La Bodega 34 Condominio Los Portones',NULL,'2025-03-18 19:42:54','2025-03-18 19:42:54',4),(24,'Antonia Álvarez Reynuaba','2010-01-08','8° Básico','Home Educa','23.217.608-3','Mujer','Los Ríos 11200 casa R 21 Colina',NULL,'2025-03-18 19:49:20','2025-03-18 19:49:20',4),(25,'Martín Fernández Duarte','2010-03-20','2° Medio','Santa Cruz','11.222.222-2','Hombre','bbbbbb',NULL,'2025-03-20 15:23:16','2025-03-20 15:23:16',4);
/*!40000 ALTER TABLE `Pacientes` ENABLE KEYS */;
UNLOCK TABLES;

--
-- Table structure for table `Pagos`
--

DROP TABLE IF EXISTS `Pagos`;
/*!40101 SET @saved_cs_client     = @@character_set_client */;
/*!50503 SET character_set_client = utf8mb4 */;
CREATE TABLE `Pagos` (
  `id_pago` int NOT NULL AUTO_INCREMENT,
  `id_paciente` int NOT NULL,
  `mes` date NOT NULL,
  `valor_total` decimal(10,2) NOT NULL,
  `estado` enum('pendiente','pagado','atrasado') NOT NULL,
  `fecha_pagado` date DEFAULT NULL,
  `created_at` timestamp NULL DEFAULT NULL,
  `updated_at` timestamp NULL DEFAULT NULL,
  PRIMARY KEY (`id_pago`),
  KEY `id_paciente` (`id_paciente`),
  CONSTRAINT `Pagos_ibfk_1` FOREIGN KEY (`id_paciente`) REFERENCES `Pacientes` (`id_paciente`) ON DELETE CASCADE
) ENGINE=InnoDB AUTO_INCREMENT=23 DEFAULT CHARSET=utf8mb4 COLLATE=utf8mb4_0900_ai_ci;
/*!40101 SET character_set_client = @saved_cs_client */;

--
-- Dumping data for table `Pagos`
--

LOCK TABLES `Pagos` WRITE;
/*!40000 ALTER TABLE `Pagos` DISABLE KEYS */;
INSERT INTO `Pagos` VALUES (3,2,'2025-03-01',288000.00,'pendiente',NULL,'2025-04-02 16:26:46','2025-04-02 18:25:52'),(4,5,'2025-03-01',288000.00,'pendiente',NULL,'2025-04-02 16:26:46','2025-04-05 13:34:54'),(5,6,'2025-03-01',90000.00,'pagado','2025-04-02','2025-04-02 16:26:47','2025-04-02 22:19:53'),(6,7,'2025-03-01',336000.00,'pagado','2025-04-03','2025-04-02 16:26:47','2025-04-03 12:02:07'),(7,8,'2025-03-01',192000.00,'pendiente',NULL,'2025-04-02 16:26:47','2025-04-02 19:12:07'),(8,9,'2025-03-01',192000.00,'pagado','2025-04-03','2025-04-02 16:26:47','2025-04-03 12:17:17'),(9,12,'2025-03-01',96000.00,'pendiente',NULL,'2025-04-02 16:26:47','2025-04-02 18:43:20'),(10,13,'2025-03-01',48000.00,'pendiente',NULL,'2025-04-02 16:26:47','2025-04-02 18:42:00'),(11,14,'2025-03-01',54000.00,'pendiente',NULL,'2025-04-02 16:26:47','2025-04-02 18:41:15'),(12,15,'2025-03-01',96000.00,'pendiente',NULL,'2025-04-02 16:26:47','2025-04-02 18:28:39'),(13,16,'2025-03-01',90000.00,'pendiente',NULL,'2025-04-02 16:26:48','2025-04-02 17:58:07'),(14,17,'2025-03-01',144000.00,'pagado','2025-04-03','2025-04-02 16:26:48','2025-04-03 13:46:46'),(15,18,'2025-03-01',144000.00,'pagado','2025-04-02','2025-04-02 16:26:48','2025-04-02 20:22:15'),(16,19,'2025-03-01',144000.00,'pagado','2025-04-02','2025-04-02 16:26:48','2025-04-02 22:15:19'),(17,20,'2025-03-01',96000.00,'pendiente',NULL,'2025-04-02 16:26:48','2025-04-02 18:22:01'),(18,21,'2025-03-01',144000.00,'pagado','2025-04-03','2025-04-02 16:26:48','2025-04-03 13:47:09'),(19,22,'2025-03-01',144000.00,'pendiente',NULL,'2025-04-02 16:26:48','2025-04-02 18:10:32'),(20,23,'2025-03-01',180000.00,'pagado','2025-04-02','2025-04-02 16:26:48','2025-04-02 21:10:51'),(21,24,'2025-03-01',45000.00,'pendiente',NULL,'2025-04-02 16:26:49','2025-04-05 13:34:43'),(22,25,'2025-03-01',48000.00,'pagado','2025-04-02','2025-04-02 16:26:49','2025-04-02 20:41:13');
/*!40000 ALTER TABLE `Pagos` ENABLE KEYS */;
UNLOCK TABLES;

--
-- Table structure for table `Reuniones`
--

DROP TABLE IF EXISTS `Reuniones`;
/*!40101 SET @saved_cs_client     = @@character_set_client */;
/*!50503 SET character_set_client = utf8mb4 */;
CREATE TABLE `Reuniones` (
  `id_reunion` int NOT NULL AUTO_INCREMENT,
  `id_paciente` int NOT NULL,
  `fecha` date NOT NULL,
  `hora_inicio` time DEFAULT NULL,
  `hora_final` time DEFAULT NULL,
  `estado` enum('realizada','cancelada','pendiente') NOT NULL,
  `valor` decimal(10,2) NOT NULL,
  `created_at` timestamp NULL DEFAULT CURRENT_TIMESTAMP,
  `updated_at` timestamp NULL DEFAULT CURRENT_TIMESTAMP ON UPDATE CURRENT_TIMESTAMP,
  PRIMARY KEY (`id_reunion`),
  KEY `id_paciente` (`id_paciente`),
  CONSTRAINT `Reuniones_ibfk_1` FOREIGN KEY (`id_paciente`) REFERENCES `Pacientes` (`id_paciente`)
) ENGINE=InnoDB AUTO_INCREMENT=14 DEFAULT CHARSET=utf8mb4 COLLATE=utf8mb4_0900_ai_ci;
/*!40101 SET character_set_client = @saved_cs_client */;

--
-- Dumping data for table `Reuniones`
--

LOCK TABLES `Reuniones` WRITE;
/*!40000 ALTER TABLE `Reuniones` DISABLE KEYS */;
INSERT INTO `Reuniones` VALUES (6,23,'2025-03-24','10:30:00','11:15:00','realizada',45000.00,'2025-03-18 20:11:27','2025-03-24 14:11:44'),(7,9,'2025-03-18','08:30:00','11:00:00','cancelada',200000.00,'2025-03-18 22:13:02','2025-04-02 19:10:54'),(8,16,'2025-03-31','10:30:00','11:30:00','realizada',45000.00,'2025-03-31 12:25:18','2025-03-31 13:28:16'),(9,22,'2025-03-31','10:30:00','11:30:00','realizada',48000.00,'2025-03-31 12:26:08','2025-03-31 13:28:28'),(10,7,'2025-04-01','09:25:00','10:25:00','pendiente',48000.00,'2025-04-02 11:10:43','2025-04-02 11:10:43'),(11,15,'2025-04-01','08:40:00','09:40:00','pendiente',48000.00,'2025-04-02 11:11:25','2025-04-02 11:11:25'),(12,22,'2025-03-31','11:30:00','12:30:00','pendiente',48000.00,'2025-04-02 11:12:14','2025-04-02 11:12:14'),(13,16,'2025-03-31','10:30:00','11:30:00','pendiente',48000.00,'2025-04-02 11:12:43','2025-04-02 11:12:43');
/*!40000 ALTER TABLE `Reuniones` ENABLE KEYS */;
UNLOCK TABLES;

--
-- Table structure for table `Sesiones`
--

DROP TABLE IF EXISTS `Sesiones`;
/*!40101 SET @saved_cs_client     = @@character_set_client */;
/*!50503 SET character_set_client = utf8mb4 */;
CREATE TABLE `Sesiones` (
  `id_sesion` int NOT NULL AUTO_INCREMENT,
  `id_paciente` int NOT NULL,
  `dia_semana` enum('lunes','martes','miércoles','jueves','viernes') NOT NULL,
  `hora_inicio` time DEFAULT NULL,
  `hora_final` time DEFAULT NULL,
  `year` int DEFAULT NULL,
  `valor` decimal(10,2) NOT NULL,
  `created_at` timestamp NULL DEFAULT NULL,
  `updated_at` timestamp NULL DEFAULT NULL,
  `tipo` enum('individual','grupal') DEFAULT NULL,
  PRIMARY KEY (`id_sesion`),
  KEY `id_paciente` (`id_paciente`),
  CONSTRAINT `Sesiones_ibfk_1` FOREIGN KEY (`id_paciente`) REFERENCES `Pacientes` (`id_paciente`) ON DELETE CASCADE
) ENGINE=InnoDB AUTO_INCREMENT=31 DEFAULT CHARSET=utf8mb4 COLLATE=utf8mb4_0900_ai_ci;
/*!40101 SET character_set_client = @saved_cs_client */;

--
-- Dumping data for table `Sesiones`
--

LOCK TABLES `Sesiones` WRITE;
/*!40000 ALTER TABLE `Sesiones` DISABLE KEYS */;
INSERT INTO `Sesiones` VALUES (2,2,'lunes','08:30:00','09:15:00',2025,48000.00,'2025-03-07 00:20:22','2025-03-07 00:20:22','individual'),(4,5,'lunes','09:30:00','10:15:00',2025,48000.00,'2025-03-17 13:54:14','2025-03-17 13:54:14','individual'),(5,6,'lunes','10:30:00','11:15:00',2025,45000.00,'2025-03-17 13:58:51','2025-03-17 13:58:51','individual'),(6,7,'lunes','12:30:00','13:15:00',2025,48000.00,'2025-03-17 14:05:05','2025-03-17 14:05:05','individual'),(8,2,'miércoles','08:30:00','09:15:00',2025,48000.00,'2025-03-17 19:19:10','2025-03-17 19:19:10','individual'),(9,5,'jueves','08:30:00','09:15:00',2025,48000.00,'2025-03-17 19:22:16','2025-03-17 19:22:16','individual'),(10,6,'jueves','09:30:00','10:15:00',2025,45000.00,'2025-03-17 19:23:47','2025-03-17 19:23:47','individual'),(11,7,'jueves','12:30:00','09:15:00',2025,48000.00,'2025-03-17 19:24:40','2025-03-17 19:24:40','individual'),(12,8,'lunes','16:30:00','17:15:00',2025,48000.00,'2025-03-17 19:30:28','2025-03-17 19:30:28','individual'),(13,9,'lunes','15:30:00','16:15:00',2025,48000.00,'2025-03-17 19:39:02','2025-03-17 19:39:02','individual'),(14,12,'martes','14:30:00','15:15:00',2025,48000.00,'2025-03-18 17:38:17','2025-03-18 17:38:17','individual'),(15,13,'lunes','17:30:00','18:15:00',2025,48000.00,'2025-03-18 18:32:50','2025-03-18 18:32:50','individual'),(16,14,'miércoles','09:30:00','10:15:00',2025,27000.00,'2025-03-18 18:44:36','2025-03-18 18:44:36','individual'),(17,15,'miércoles','10:30:00','11:15:00',2025,48000.00,'2025-03-18 18:47:27','2025-03-18 18:47:27','individual'),(18,16,'miércoles','11:30:00','12:15:00',2025,45000.00,'2025-03-18 18:53:07','2025-03-18 18:53:07','individual'),(19,17,'miércoles','15:15:00','16:00:00',2025,48000.00,'2025-03-18 18:56:47','2025-03-18 18:56:47','individual'),(20,18,'miércoles','16:15:00','17:00:00',2025,48000.00,'2025-03-18 19:01:01','2025-03-18 19:01:01','individual'),(21,19,'miércoles','17:15:00','18:00:00',2025,48000.00,'2025-03-18 19:05:25','2025-03-18 19:05:25','individual'),(22,20,'jueves','10:30:00','11:15:00',2025,48000.00,'2025-03-18 19:11:34','2025-03-18 19:11:34','individual'),(23,21,'jueves','15:15:00','16:00:00',2025,48000.00,'2025-03-18 19:27:14','2025-03-18 19:27:14','individual'),(24,9,'martes','15:30:00','16:15:00',2025,48000.00,'2025-03-18 19:29:12','2025-03-18 19:29:12','individual'),(25,22,'lunes','11:30:00','12:15:00',2025,48000.00,'2025-03-18 19:36:06','2025-03-31 12:35:29','individual'),(26,23,'lunes','14:00:00','15:00:00',2025,45000.00,'2025-03-18 19:42:54','2025-03-18 19:42:54','grupal'),(27,24,'lunes','14:00:00','15:00:00',2025,45000.00,'2025-03-18 19:49:20','2025-03-18 19:49:20','grupal'),(28,25,'martes','18:00:00','18:45:00',2025,48000.00,'2025-03-20 15:23:16','2025-03-20 15:23:16','individual'),(30,12,'miércoles','12:30:00','13:15:00',2025,48000.00,'2025-03-31 13:31:47','2025-03-31 13:31:47','individual');
/*!40000 ALTER TABLE `Sesiones` ENABLE KEYS */;
UNLOCK TABLES;

--
-- Table structure for table `Tutores`
--

DROP TABLE IF EXISTS `Tutores`;
/*!40101 SET @saved_cs_client     = @@character_set_client */;
/*!50503 SET character_set_client = utf8mb4 */;
CREATE TABLE `Tutores` (
  `id_tutor` int NOT NULL AUTO_INCREMENT,
  `id_paciente` int NOT NULL,
  `nombre` varchar(100) NOT NULL,
  `telefono` varchar(15) DEFAULT NULL,
  `mail` varchar(100) DEFAULT NULL,
  `created_at` timestamp NULL DEFAULT NULL,
  `updated_at` timestamp NULL DEFAULT NULL,
  PRIMARY KEY (`id_tutor`),
  KEY `id_paciente` (`id_paciente`),
  CONSTRAINT `Tutores_ibfk_1` FOREIGN KEY (`id_paciente`) REFERENCES `Pacientes` (`id_paciente`) ON DELETE CASCADE
) ENGINE=InnoDB AUTO_INCREMENT=24 DEFAULT CHARSET=utf8mb4 COLLATE=utf8mb4_0900_ai_ci;
/*!40101 SET character_set_client = @saved_cs_client */;

--
-- Dumping data for table `Tutores`
--

LOCK TABLES `Tutores` WRITE;
/*!40000 ALTER TABLE `Tutores` DISABLE KEYS */;
INSERT INTO `Tutores` VALUES (2,2,'Barbara De la Sotta','+569 97799358','barbara.delasotta@interexpress.cl','2025-03-07 00:20:21','2025-03-07 00:20:21'),(3,2,'José Manuel Prado','+569 96450178','jmprado@lospintores.cl','2025-03-07 00:20:21','2025-03-07 00:20:21'),(5,5,'Alejandra Portilla','+56992355732','alejandraportilla@gmail.com','2025-03-17 13:54:13','2025-03-17 13:54:13'),(6,6,'Constanza Picart','+569 91289248','conipicart@gmail.com','2025-03-17 13:58:51','2025-03-17 13:58:51'),(7,7,'Constanza González','+56953795038','conigonzalezm@hotmail.com','2025-03-17 14:05:05','2025-03-17 14:05:05'),(8,8,'Mariana Lastra','+569 42554014','natapiar@gmai.com','2025-03-17 19:30:28','2025-03-17 19:30:28'),(9,9,'Claudia Samur','+569 94793756','claudia.samur@gmail.com','2025-03-17 19:39:02','2025-03-17 19:39:02'),(10,12,'Angie Muzard','+569 82882242','natapiar@gmail.com','2025-03-18 17:38:17','2025-03-18 17:38:17'),(11,13,'Hsiao Yen','+569 95790061','stacy.yen@gmail.com','2025-03-18 18:32:50','2025-03-18 18:32:50'),(12,14,'Carola Ortiz','+569 87689013','carolaortizcoi@gmail.com','2025-03-18 18:44:36','2025-03-18 18:44:36'),(13,15,'Francisca Pérez de Arce','+569 32548920','natapiar@gmai.com','2025-03-18 18:47:27','2025-03-18 18:47:27'),(14,16,'Claudia Flores','+569 93385635','claufloresp@gmail.com','2025-03-18 18:53:07','2025-03-18 18:53:07'),(15,17,'Paulina Garay','+569 92998979','poly@garay.cl','2025-03-18 18:56:46','2025-03-18 18:56:46'),(16,18,'Candelaria Valdés','+569 52395660','candelariavaldes@gmail.com','2025-03-18 19:01:01','2025-03-18 19:01:01'),(17,19,'Paola Hernández','+569 999984962','paolahg7@gmail.com','2025-03-18 19:05:24','2025-03-18 19:05:24'),(18,20,'Josefina Balmaceda','+569 83406677','josefinabalmaceda@gmail.com','2025-03-18 19:11:33','2025-03-18 19:11:33'),(19,21,'Giovanna Merino','+569 96219104','merino.giovanna@gmail.com','2025-03-18 19:27:14','2025-03-18 19:27:14'),(20,22,'Lilian Romero','+569 78981419','lilian.romerov@gmail.com','2025-03-18 19:36:06','2025-03-18 19:36:06'),(21,23,'Catalina Hurtado','+569 90474111','catahurtadobunster@gmail.com','2025-03-18 19:42:54','2025-03-18 19:42:54'),(22,24,'Cherie Reynuaba','+569 94440172','cherie@reynuaba.cl','2025-03-18 19:49:20','2025-03-18 19:49:20'),(23,25,'Catalina Duarte','+569 74774009','cata.duarte.imbert@gmail.com','2025-03-20 15:23:16','2025-03-20 15:23:16');
/*!40000 ALTER TABLE `Tutores` ENABLE KEYS */;
UNLOCK TABLES;

--
-- Table structure for table `User_Paciente`
--

DROP TABLE IF EXISTS `User_Paciente`;
/*!40101 SET @saved_cs_client     = @@character_set_client */;
/*!50503 SET character_set_client = utf8mb4 */;
CREATE TABLE `User_Paciente` (
  `id_userpaciente` int NOT NULL AUTO_INCREMENT,
  `id_user` int NOT NULL,
  `id_paciente` int NOT NULL,
  PRIMARY KEY (`id_userpaciente`),
  KEY `fk_user_userpaciente` (`id_user`),
  KEY `fk_paciente_userpaciente` (`id_paciente`),
  CONSTRAINT `fk_paciente_userpaciente` FOREIGN KEY (`id_paciente`) REFERENCES `Pacientes` (`id_paciente`),
  CONSTRAINT `fk_user_userpaciente` FOREIGN KEY (`id_user`) REFERENCES `users` (`id`)
) ENGINE=InnoDB DEFAULT CHARSET=utf8mb4 COLLATE=utf8mb4_0900_ai_ci;
/*!40101 SET character_set_client = @saved_cs_client */;

--
-- Dumping data for table `User_Paciente`
--

LOCK TABLES `User_Paciente` WRITE;
/*!40000 ALTER TABLE `User_Paciente` DISABLE KEYS */;
/*!40000 ALTER TABLE `User_Paciente` ENABLE KEYS */;
UNLOCK TABLES;

--
-- Table structure for table `rol`
--

DROP TABLE IF EXISTS `rol`;
/*!40101 SET @saved_cs_client     = @@character_set_client */;
/*!50503 SET character_set_client = utf8mb4 */;
CREATE TABLE `rol` (
  `rol_id` int NOT NULL AUTO_INCREMENT,
  `rol_nombre` varchar(255) DEFAULT NULL,
  `rol_desc` longtext,
  `created_at` timestamp NULL DEFAULT NULL,
  `updated_at` timestamp NULL DEFAULT NULL,
  PRIMARY KEY (`rol_id`),
  UNIQUE KEY `rol_desc_UNIQUE` (`rol_nombre`)
) ENGINE=InnoDB AUTO_INCREMENT=3 DEFAULT CHARSET=utf8mb4 COLLATE=utf8mb4_0900_ai_ci;
/*!40101 SET character_set_client = @saved_cs_client */;

--
-- Dumping data for table `rol`
--

LOCK TABLES `rol` WRITE;
/*!40000 ALTER TABLE `rol` DISABLE KEYS */;
INSERT INTO `rol` VALUES (1,'admin','Administrador de la pagina, tiene superpoderes en todo el sitio.',NULL,NULL),(2,'usuario','Usuario comun y corriente, solo puede ver, no editar ni borrar.',NULL,NULL);
/*!40000 ALTER TABLE `rol` ENABLE KEYS */;
UNLOCK TABLES;

--
-- Table structure for table `rol_permiso`
--

DROP TABLE IF EXISTS `rol_permiso`;
/*!40101 SET @saved_cs_client     = @@character_set_client */;
/*!50503 SET character_set_client = utf8mb4 */;
CREATE TABLE `rol_permiso` (
  `rp_id` int NOT NULL AUTO_INCREMENT,
  `rp_rol_id` int NOT NULL,
  `rp_prm_id` int NOT NULL,
  `created_at` timestamp NULL DEFAULT NULL,
  `updated_at` timestamp NULL DEFAULT NULL,
  PRIMARY KEY (`rp_id`,`rp_rol_id`,`rp_prm_id`),
  KEY `fk_rol_permiso_rol1_idx` (`rp_rol_id`),
  KEY `fk_rol_permiso_permiso1_idx` (`rp_prm_id`)
) ENGINE=InnoDB AUTO_INCREMENT=4 DEFAULT CHARSET=utf8mb4 COLLATE=utf8mb4_0900_ai_ci;
/*!40101 SET character_set_client = @saved_cs_client */;

--
-- Dumping data for table `rol_permiso`
--

LOCK TABLES `rol_permiso` WRITE;
/*!40000 ALTER TABLE `rol_permiso` DISABLE KEYS */;
INSERT INTO `rol_permiso` VALUES (1,1,1,'2024-10-22 23:54:49','2024-10-22 23:54:49'),(2,1,2,'2024-10-22 23:54:49','2024-10-22 23:54:49'),(3,1,3,'2024-10-22 23:54:49','2024-10-22 23:54:49');
/*!40000 ALTER TABLE `rol_permiso` ENABLE KEYS */;
UNLOCK TABLES;

--
-- Table structure for table `user_rol`
--

DROP TABLE IF EXISTS `user_rol`;
/*!40101 SET @saved_cs_client     = @@character_set_client */;
/*!50503 SET character_set_client = utf8mb4 */;
CREATE TABLE `user_rol` (
  `ur_id` int NOT NULL AUTO_INCREMENT,
  `ur_users_id` int NOT NULL,
  `ur_rol_id` int NOT NULL,
  `created_at` timestamp NULL DEFAULT NULL,
  `updated_at` timestamp NULL DEFAULT NULL,
  PRIMARY KEY (`ur_id`,`ur_users_id`,`ur_rol_id`),
  KEY `fk_user_rol_users_idx` (`ur_users_id`),
  KEY `fk_user_rol_rol1_idx` (`ur_rol_id`)
) ENGINE=InnoDB AUTO_INCREMENT=2 DEFAULT CHARSET=utf8mb4 COLLATE=utf8mb4_0900_ai_ci;
/*!40101 SET character_set_client = @saved_cs_client */;

--
-- Dumping data for table `user_rol`
--

LOCK TABLES `user_rol` WRITE;
/*!40000 ALTER TABLE `user_rol` DISABLE KEYS */;
INSERT INTO `user_rol` VALUES (1,1,1,NULL,NULL);
/*!40000 ALTER TABLE `user_rol` ENABLE KEYS */;
UNLOCK TABLES;

--
-- Table structure for table `users`
--

DROP TABLE IF EXISTS `users`;
/*!40101 SET @saved_cs_client     = @@character_set_client */;
/*!50503 SET character_set_client = utf8mb4 */;
CREATE TABLE `users` (
  `id` int NOT NULL AUTO_INCREMENT,
  `name` varchar(255) DEFAULT NULL,
  `email` varchar(255) NOT NULL,
  `email_verified_at` timestamp NULL DEFAULT NULL,
  `empresa` varchar(45) DEFAULT NULL,
  `password` varchar(255) NOT NULL,
  `remember_token` varchar(100) DEFAULT NULL,
  `created_at` timestamp NULL DEFAULT NULL,
  `updated_at` timestamp NULL DEFAULT NULL,
  PRIMARY KEY (`id`),
  UNIQUE KEY `email_UNIQUE` (`email`)
) ENGINE=InnoDB AUTO_INCREMENT=7 DEFAULT CHARSET=utf8mb4 COLLATE=utf8mb4_0900_ai_ci;
/*!40101 SET character_set_client = @saved_cs_client */;

--
-- Dumping data for table `users`
--

LOCK TABLES `users` WRITE;
/*!40000 ALTER TABLE `users` DISABLE KEYS */;
INSERT INTO `users` VALUES (1,'Martin Fica','mfica@adentu.cl',NULL,'Adentu','$2y$10$xHvB22o5lrCSjiySD3nezug6HbmGm6yzzfbU0/vXR3nLlb1ZeylYK',NULL,NULL,NULL),(3,'Matías Navarrete','mnavarrete@adentu.cl',NULL,'Ingeniero Civil de Computación','$2y$10$/GPby/fxBI1FJL4M/1y0au9jpvWyLSRuRbcfwXzS6bYfpssHCKM0.',NULL,'2024-10-29 17:54:13','2024-10-29 17:54:13'),(4,'Norma Tapia','natapiar@gmail.com',NULL,'Psicopedagoga','$2y$10$FLJfbLSxTI7hrke221dpKOnD58zzhv555f.pBlnJqjQYFy1omFsJC',NULL,'2024-12-04 00:37:07','2024-12-04 00:37:07'),(5,'Demo','demo@demo.cl',NULL,'Profesor Matemáticas','$2y$10$dhj23J5AkNc1mQLJQA3/ouDqs/46pUvXWUyo0EpJZli/7/chcV5SO',NULL,'2024-12-17 18:19:08','2024-12-17 18:19:08'),(6,'Alejandra Peña','psalejandrapena@gmail.com',NULL,'Psicóloga','$2y$10$mGsgnMvWcUp.ZcCRUCQOsu4KE5s.Z8Lww7IUXVXAFZqD98dzprXNW',NULL,'2024-12-21 17:14:10','2024-12-21 17:14:10');
/*!40000 ALTER TABLE `users` ENABLE KEYS */;
UNLOCK TABLES;
/*!40103 SET TIME_ZONE=@OLD_TIME_ZONE */;

/*!40101 SET SQL_MODE=@OLD_SQL_MODE */;
/*!40014 SET FOREIGN_KEY_CHECKS=@OLD_FOREIGN_KEY_CHECKS */;
/*!40014 SET UNIQUE_CHECKS=@OLD_UNIQUE_CHECKS */;
/*!40101 SET CHARACTER_SET_CLIENT=@OLD_CHARACTER_SET_CLIENT */;
/*!40101 SET CHARACTER_SET_RESULTS=@OLD_CHARACTER_SET_RESULTS */;
/*!40101 SET COLLATION_CONNECTION=@OLD_COLLATION_CONNECTION */;
/*!40111 SET SQL_NOTES=@OLD_SQL_NOTES */;

-- Dump completed on 2025-04-06 12:57:54
